ext_id,reason,label
ppbbocbdhdnedkdlaoohkpbafmbpljpa,Spyware,1
ngohccekcogognbibjfipmpckfnincli,Spyware,1
ccnceaompinfjgnfkbcnfgaenklmafil,Spyware,1
kfdikbdfpdnnhhdedadeaodglioggjdl,Spyware,1
fokpelagppjmjiggfdalkfepcfclhnoh,Spyware,1
ijidomgpacjmolpdobebnkocnogkphpp,Spyware,1
adpkfblbeihmbjljeffbaklklgofcgae,Spyware,1
jnpjejpdpkbfeekibjpdpmpklmhpocgd,Adware,1
emihdfbdahahdhgpkodehgpngmeajldp,Spyware,1
cfkkdamfechdeemgmgbbilmjhkcjmdhp,Adware,1
ihedhalfchhcihjnadfocilbhfjdjool,Malware,1
aemjnabgfabjlcojhbablmedhbnmpcgj,Spyware,1
miiolehfoldajjpfjcnajmalaojhjaoa,Spyware,1
cnjgicfipaihakphpbcgdklcbpnkbndm,Spyware,1
jooeacmicgkkflkfjoondgjkgdleihhk,Adware,1
eomjcbhempdcpmljiahjenbdhkoccbmb,Spyware,1
dceikamljmmhdjagikodokbkdmbancpb,Spyware,1
dkdnckncggmlaokepcnaobhflpbadame,Spyware,1
hmooknfodfbbncnhncnednnkiommggpj,Spyware,1
jllmipnajklccijoiojpjpcahkcakhmb,Adware,1
ljhmjpdmdnjngejchnmhlapogengkfog,Malware,1
iihkiogemkpgdadhcohilpgeemfjjcgj,Adware,1
efcmmhjhcjaabofjhpfmgidljpplkean,Malware,1
iloeambbfeeikpjhkpfcbcplpobgapel,Spyware,1
igmoflgphnlpcbeedabbhcpppklkkdeb,Spyware,1
lbaphifcdembobfoannnpogppkacjkhk,Spyware,1
cfkhijinlhlijflibnhlfdjkllkagloc,Adware,1
blcnhjlbnldiopfekjpcmpcieipiokdl,Malware,1
cdlbcpjfhjedjajilmpknbmodmfocljm,Spyware,1
cfbobdhebljlbkhdhnikebhhijocphfo,Adware,1
kolbfeikmmkkdolnkopohocflhpokajp,Spyware,1
hicgedpmdebkgcbalpgpbcbddajalbio,Adware,1
mipfmofneacpfhohdhnhckeicnckiocp,Malware,1
njmdodlbgdmkbohhamcpjfkmkognedbb,Malware,1
hdlnbibhmpkjiknmchfcllgikemkodhk,Adware,1
ghjfmhihfoplmefplnojpiobcoinddhj,Spyware,1
fbjlnjmpfnofkpjfabnilfkmlggindnh,Malware,1
gchgkghlgpefkoepkpjdgmlcgnbblppp,Spyware,1
djibkmimcjaphppiekhbkpccfhlhhfbj,Spyware,1
kipmejfpjbknplnapajcfopncfnjnhoh,Spyware,1
abicfpphjeemamnjpklkbgkdpcijpnhb,Malware,1
jcdjmbgaepecdlddgjnigicbefmenleh,Adware,1
hpfmfjmhhkfpcedjikogphkfacokfagh,Malware,1
elflhijmcekbfdjkabgphiepeclgmjgl,Spyware,1
nmnbdhlcjapghglbagbagmideiggpnfi,Spyware,1
hljeddeaafolhinnpdlbbjcjaoegkpeg,Spyware,1
cgifpflcmemdgoalgkaejkioengpomid,Adware,1
cfnhahioojicbgpmbdikklcalbkdkcfk,Malware,1
dpbilbpinfjkhciajdcifndlpegepokc,Spyware,1
innjppfndpgigpnoicbofacmdpiblmge,Spyware,1
cfcchgefhpmpeoooenlcgbnleajojhbo,Adware,1
pkfhbfgbceeilepkfiiceedbhlanmmjj,Spyware,1
bdlcjeifdnikloimicpijikkafmhdamf,Adware,1
gfcbimjpmoeofbmnjedjfkemdinagkmp,Adware,1
lccgnidendnmpffhnhkccobkglpnpeib,Malware,1
emkbmmhneldhbgpkaomgjjohdcfeapbj,Spyware,1
ihbmgokcocjiihdmjkeblefcpbgeefkk,Spyware,1
inddaiiphfojbihdabkdnlpjehfkklhp,Spyware,1
genlknmgafpmmojmpanliknpbnmdfokl,Adware,1
gljfgoddoklpbegmobpocoaijdooflmc,Adware,1
bjgiiachhcnhldlbpcpblbghcafoakfl,Adware,1
gbkicngmnoedeajgodbbokjadbfbbpng,Malware,1
gnignaonemjabnmmfjkilpfodbfgacfk,Spyware,1
kgjjaibkhlddbmmnhndcnpoimeidlgba,Spyware,1
bfhmomelpcmpdjdeohpeemfgikbdoijl,Spyware,1
hdljnaoihbdmjehkkeoflflhpnhbflmj,Adware,1
ggilfpipkpdanchgapaknolonicodcnk,Adware,1
ingnflgkobgnajlcfeialbecgbekpkej,Adware,1
pckplpilogoidhnjnjphjnabhgiiamjn,Malware,1
glaofpkjfaldpdgjapcfhccagmddmjnf,Spyware,1
alcopdbbehlpelbaaglhlgljkkljkppi,Spyware,1
olbjcieaiekojooccadpemmnofapfngl,Spyware,1
jdhekamhghpnakmipjlhainajkdcneph,Adware,1
hcilkebldmijdmdncgjiodaohmioeelk,Adware,1
chjbfnbpbgjnofhahgblpcifjcbkolcp,Adware,1
ooekhnjjjikljkmddooialcfedpjbldm,Malware,1
ojgfehdbhgbicajidmgiidpceockbbpn,Spyware,1
dmpmpkfbhilmjgbknadklnflbbbfocmi,Spyware,1
cahbelonbpjbgolckchmbpdlgeglgpof,Spyware,1
gfgcncplhmfnolnnmhdoeclclcoaoolb,Adware,1
belkjlnpnchldfgoeencjanmljkfdnnj,Adware,1
bdbgbacmilemnbipkdbppodpfbbjbido,Adware,1
ceiccihemnnepibkglmknmcmaanppfij,Adware,1
iencnldooelegncobmkkcdnkdaijkjob,Search Hijacking,1
gnfpgncjogpbomifiegijoikfpjpoole,Spyware,1
pmmneeeipikleggeclkinacjcjnegfbm,Spyware,1
gejjohmabbknpioegdacnhpcplfdflgj,Adware,1
abjgfdfbmmijjdfbohbhgdnjeipjbplj,Spyware,1
dmanadmmigdmihoejnaaflfkimdlhjeo,Spyware,1
