timestamp,extension_id,field,old_value,new_value,confidence,method
2026-08-29T10:05:32,pnlphjjfielecalmmjjdhjjninkbjdod,extension_name,Not Found,FastSave,Medium,XGBoost + Isolation Forest + dynamic sandbox
2026-08-29T10:05:32,pnlphjjfielecalmmjjdhjjninkbjdod,version,Not Confirmed,3.8.8,Medium,XGBoost + Isolation Forest + dynamic sandbox
2026-08-29T10:05:32,pnlphjjfielecalmmjjdhjjninkbjdod,store,Not Confirmed,Chrome,Medium,XGBoost + Isolation Forest + dynamic sandbox
2026-08-29T10:05:32,pnlphjjfielecalmmjjdhjjninkbjdod,sha256,Not Found,c912cc22763ed29688a08290cb4b7d9969bd74fc4882dc6b89616f36729b469e,Medium,XGBoost + Isolation Forest + dynamic sandbox
2026-08-29T10:05:32,pnlphjjfielecalmmjjdhjjninkbjdod,date,N/A,8/29/2026,Medium,XGBoost + Isolation Forest + dynamic sandbox
2026-08-29T10:05:32,pnlphjjfielecalmmjjdhjjninkbjdod,reason,Not yet confirmed,Spyware / Data Exfiltration,Medium,XGBoost + Isolation Forest + dynamic sandbox
2026-08-29T10:07:02,clgficggccelgifppbcaepjdkklfcefd,version,Not Confirmed,4.0.23,Medium,XGBoost + Isolation Forest (sandbox unavailable)
2026-08-29T10:08:10,fdpohaocaechififmbbbbbknoalclacl,version,Not Confirmed,7.1,Low,declared capability only (archived manifest — extension delisted)
2026-08-29T10:08:44,faenbbkpfnklhncjianlfllkfekgghih,version,Not Confirmed,1.2.1,Low,declared capability only (archived manifest — extension delisted)
2026-08-29T10:09:21,hjfdehobejconpkfgoldlpiidddkmbkm,version,Not Confirmed,1.5.2,Low,declared capability only (archived manifest — extension delisted)
2026-08-29T10:10:07,ohbfphafneajpieeeinfpcpnmammgjdd,version,Not Confirmed,1.3,Medium,XGBoost + Isolation Forest (sandbox unavailable)
2026-08-29T10:10:07,ohbfphafneajpieeeinfpcpnmammgjdd,sha256,Not Found,8aa8e1bfb4c45faaac42dd7df992e28d7297d77c42682ce92a77d169c121a36d,Medium,XGBoost + Isolation Forest (sandbox unavailable)
2026-08-29T10:10:07,emkagjbnabikkibhclebiibndffkjiho,version,Not Confirmed,1.1.2,Medium,XGBoost + Isolation Forest (sandbox unavailable)
2026-08-29T10:10:07,emkagjbnabikkibhclebiibndffkjiho,sha256,Not Found,ba58bbd302418c6870203e944e03371c70838ceb222081ce8f1892f92c0c7e27,Medium,XGBoost + Isolation Forest (sandbox unavailable)
2026-08-29T10:10:15,fpnoakhilpcinbooidbcmeeioflmcpck,version,Not Confirmed,2.0,Medium,XGBoost + Isolation Forest (sandbox unavailable)
2026-08-29T10:10:15,fpnoakhilpcinbooidbcmeeioflmcpck,sha256,Not Found,f2703c5defcb5600b809d59584c19c3ec1ad9424bff72190682aaa3c73dc10b6,Medium,XGBoost + Isolation Forest (sandbox unavailable)
2026-08-29T10:10:44,cahbnklfddaodggaamglmfdnogpgmnla,version,Not Confirmed,1.0.0,Low,XGBoost + Isolation Forest (sandbox unavailable)
2026-08-29T10:10:46,jcgagbbfepkikcdjlppjmphcfjbbakmf,version,Not Confirmed,1.9.10.94,Medium,XGBoost + Isolation Forest (sandbox unavailable)
2026-08-29T10:10:46,jcgagbbfepkikcdjlppjmphcfjbbakmf,sha256,Not Found,8ab513ba98d4937145991e4f6b1e1957a0dee2394b739a3fb331a9c1d9d8f1a5,Medium,XGBoost + Isolation Forest (sandbox unavailable)
2026-08-29T10:11:14,idgpnmonknjnojddfkpgkljpfnnfcklj,version,Not Confirmed,3.1.9,Low,declared capability only (archived manifest — extension delisted)
2026-08-29T10:11:31,dmgmeikmlhmmannflgejmdonbefmkiif,version,Not Confirmed,1.7.6.39,Medium,XGBoost + Isolation Forest (sandbox unavailable)
2026-08-29T10:11:31,dmgmeikmlhmmannflgejmdonbefmkiif,sha256,Not Found,1ab9eff15c3a31081283dea64e33f4691be5318de923038e65a175090c23c401,Medium,XGBoost + Isolation Forest (sandbox unavailable)
2026-08-29T10:12:28,okhibkagcfjdiphcbpepgkcgpbeehmlf,version,Not Confirmed,2026.08.25,Low,XGBoost + Isolation Forest (sandbox unavailable)
2026-08-29T10:12:28,okhibkagcfjdiphcbpepgkcgpbeehmlf,sha256,Not Found,a9ea470d198491d365b631695ffa7ad1bc4a030eec07b64dd98edea9987bbbee,Low,XGBoost + Isolation Forest (sandbox unavailable)
2026-08-29T10:12:33,ddpfnhhogibgeebicainblakehdiobcj,version,Not Confirmed,3.0.0,Medium,XGBoost + Isolation Forest (sandbox unavailable)
2026-08-29T10:12:33,ddpfnhhogibgeebicainblakehdiobcj,sha256,Not Found,be097b94025c6e591508807fbc6dc52111976fc7238863c2429ac7c5b6f5ed8e,Medium,XGBoost + Isolation Forest (sandbox unavailable)
2026-08-29T10:12:33,giolfdhelhkknfnplanblpbjeaiojikm,version,Not Confirmed,8.4,Low,declared capability only (archived manifest — extension delisted)
2026-08-29T10:13:17,odbanhjffpnjgcbldodeakkmcafnhema,version,Not Confirmed,0.5.9.7,Medium,XGBoost + Isolation Forest (sandbox unavailable)
2026-08-29T10:13:17,odbanhjffpnjgcbldodeakkmcafnhema,sha256,Not Found,20e23f31caa8d56119adebd80a780e307ca75fa92f5cb09949c098f249b13bbb,Medium,XGBoost + Isolation Forest (sandbox unavailable)
2026-08-29T10:14:24,fmhjcgenmdfimclabejelnekafngjlia,version,Not Confirmed,1.4.4.84,Medium,XGBoost + Isolation Forest (sandbox unavailable)
2026-08-29T10:14:24,fmhjcgenmdfimclabejelnekafngjlia,sha256,Not Found,e6d8f3023181b0b5902b2cb32bbced59dacf750f589215163264e690b86a8b50,Medium,XGBoost + Isolation Forest (sandbox unavailable)
2026-08-29T10:14:28,cnkcgoiimpncbonlilkekbigfhchcbgb,version,Not Confirmed,1.24.905,Medium,XGBoost + Isolation Forest (sandbox unavailable)
2026-08-29T10:14:28,cnkcgoiimpncbonlilkekbigfhchcbgb,sha256,Not Found,4d7bc3bad4a4b193e9570af0a89d28d521aa43f172aa72f81f41f83cbdcab58f,Medium,XGBoost + Isolation Forest (sandbox unavailable)
2026-08-29T10:14:44,gbnlpokgdjhoogmbadopaojnepbjjefn,version,Not Confirmed,5.0.2,Medium,XGBoost + Isolation Forest (sandbox unavailable)
2026-08-29T10:15:05,fpopfchojdfnaoolfpnpbkancfpbjold,version,Not Confirmed,1.26.513,High,XGBoost + Isolation Forest (sandbox unavailable)
2026-08-29T10:15:05,fpopfchojdfnaoolfpnpbkancfpbjold,sha256,Not Found,ac999a85e8f3a324455c8aadd7603f8942d8a3cbd2631ea77a177fd9783ff4f0,High,XGBoost + Isolation Forest (sandbox unavailable)
2026-08-29T10:15:21,eliokoocofjemjjohafbmhmgjmedomko,version,Not Confirmed,4.0.4,Low,declared capability only (archived manifest — extension delisted)
2026-08-29T10:15:33,dpkijnoebmekoiafbkledpjhkpgllkfe,version,Not Confirmed,1.1.2,Low,declared capability only (archived manifest — extension delisted)
2026-08-29T10:15:48,golbngjhpfdobdopaebpdofbmhghfkpm,version,Not Confirmed,0.1.1,Low,declared capability only (archived manifest — extension delisted)
2026-08-29T10:15:53,hblfamjdifnhiioifbfamlnkjfenhfed,version,Not Confirmed,2.4.0.0908,Low,declared capability only (archived manifest — extension delisted)
2026-08-29T10:16:00,condlopdddofpgcdjfnoepbdkcgckmgb,version,Not Confirmed,1.0,Low,declared capability only (archived manifest — extension delisted)
2026-08-29T10:16:14,dpmdoefacegagjoifomgchhhppgdkaco,version,Not Confirmed,2.1.1,Low,declared capability only (archived manifest — extension delisted)
2026-08-29T10:16:31,aaiolimgbncdaldgbbjkidiijidchhjo,version,Not Confirmed,4.3.4,Low,declared capability only (archived manifest — extension delisted)
2026-08-29T10:16:32,gabfmnliflodkdafenbcpjdlppllnemd,version,Not Confirmed,1.1.0,Low,declared capability only (archived manifest — extension delisted)
2026-08-29T10:16:40,pbdgglfabhmhpbfgakckfhdbhjiedmnm,version,Not Confirmed,1,Low,declared capability only (archived manifest — extension delisted)
2026-08-29T10:16:45,kihfdgpnhlkopkiadeopobhbpeplffam,version,Not Confirmed,2.1.4,Low,declared capability only (archived manifest — extension delisted)
2026-08-29T10:16:52,ipijpioemaopkhpjhihdibldodmdpfjl,version,Not Confirmed,1.6.1,Low,declared capability only (archived manifest — extension delisted)
2026-08-29T10:16:54,pgabmkcldlelbhcookaealohoeknnapn,version,Not Confirmed,1.0.15,Low,declared capability only (archived manifest — extension delisted)
2026-08-29T10:17:04,ceibjdigmfbbgcpkkdpmjokkokklodmc,version,Not Confirmed,1.0.245,Low,declared capability only (archived manifest — extension delisted)
2026-08-29T10:17:13,egmlbimojingfmchokcniklnhnecdecf,version,Not Confirmed,2.0.3,Low,declared capability only (archived manifest — extension delisted)
2026-08-29T10:17:19,mmpfmolbdhdfoblfggigchncdgmdnjha,version,Not Confirmed,5.17.26,Low,declared capability only (archived manifest — extension delisted)
2026-08-29T10:17:20,lepdjbhbkpfenckechpdfohdmkhogojf,version,Not Confirmed,18.9.6.1646,Low,declared capability only (archived manifest — extension delisted)
2026-08-29T10:17:21,meobjhkdifjealkiaanikkpajiaalcad,version,Not Confirmed,1.4.25,Low,declared capability only (archived manifest — extension delisted)
2026-08-29T10:17:22,okepehobneenpbhiendcjcanjodhmcbj,version,Not Confirmed,1.1,Low,XGBoost + Isolation Forest (sandbox unavailable)
2026-08-29T10:17:22,okepehobneenpbhiendcjcanjodhmcbj,sha256,Not Found,6842a6a435e748fe30cdcfd04b17db4812a85aa57e880dbe60ba2dcc55ae4be9,Low,XGBoost + Isolation Forest (sandbox unavailable)
2026-08-29T10:17:26,kfokdmfpdnokpmpbjhjbcabgligoelgp,version,Not Confirmed,1.1.1,Low,declared capability only (archived manifest — extension delisted)
2026-08-29T10:17:29,fmiefmaepcnjahoajkfckenfngfehhma,version,Not Confirmed,5.22.29,Low,declared capability only (archived manifest — extension delisted)
2026-08-29T10:17:29,fmgaogkbodhdhhbgkphhbokciiecllno,version,Not Confirmed,20.5.20.1107,Low,declared capability only (archived manifest — extension delisted)
2026-08-29T10:17:33,dkbpkjhegfanacodkmfjeackckmehkfp,version,Not Confirmed,18.8.24.1744,Low,declared capability only (archived manifest — extension delisted)
2026-08-29T10:17:33,djkddblnfgendjoklmfmocaboelkmdkm,version,Not Confirmed,1.0.7,Low,declared capability only (archived manifest — extension delisted)
2026-08-29T10:17:33,dijcdmefkmlhnbkcejcmepheakikgpdg,version,Not Confirmed,1.3.0,High,declared capability only (archived manifest — extension delisted)
2026-08-29T10:17:35,eijnkinhnplaekpllmgbbfieecdhcmcp,version,Not Confirmed,1.2,Low,XGBoost + Isolation Forest (sandbox unavailable)
2026-08-29T10:17:35,eijnkinhnplaekpllmgbbfieecdhcmcp,sha256,Not Found,5588f8f53296820bd47b48ab8a6a415683c6a07a5d0e339c433d6a40d4e568db,Low,XGBoost + Isolation Forest (sandbox unavailable)
2026-08-29T10:17:40,agepkkdokhlaoiaenedmjbfnblfdiboc,version,Not Confirmed,6.4.18.30,Low,declared capability only (archived manifest — extension delisted)
2026-08-29T10:17:48,dbfmnekepjoapopniengjbcpnbljalfg,version,Not Confirmed,11.0.43,Low,XGBoost + Isolation Forest (sandbox unavailable)
2026-08-29T10:17:48,dbfmnekepjoapopniengjbcpnbljalfg,sha256,Not Found,92634f28a8c8aa9ff6d3dd4ad99e6a005583323ef3ac82e09f5d34c77dd26cd8,Low,XGBoost + Isolation Forest (sandbox unavailable)
2026-08-29T10:17:53,pnmmfplemkekboaalbeeajfidkkepppl,version,Not Confirmed,1.0.1,Medium,XGBoost + Isolation Forest (sandbox unavailable)
2026-08-29T10:17:53,pnmmfplemkekboaalbeeajfidkkepppl,sha256,Not Found,9cf140efa0e03e7cd059c421a2421d8b093a01ea9589fa0ba19a0f0cfc3e5639,Medium,XGBoost + Isolation Forest (sandbox unavailable)
2026-08-29T10:17:54,nfijbcmjagdmmkchgicfdidblofopkdp,version,Not Confirmed,0.5.9.9,Medium,XGBoost + Isolation Forest (sandbox unavailable)
2026-08-29T10:17:54,nfijbcmjagdmmkchgicfdidblofopkdp,sha256,Not Found,75d74c275201b7db091cbc8a31454376bc0ec893d5d510ae45adc8c3d78c58f3,Medium,XGBoost + Isolation Forest (sandbox unavailable)
2026-08-29T10:17:58,gpibachbddnihfkbjcfggbejjgjdijeb,version,Not Confirmed,0.7.1,Low,XGBoost + Isolation Forest (sandbox unavailable)
2026-08-29T10:17:58,gpibachbddnihfkbjcfggbejjgjdijeb,sha256,Not Found,35c5c18c4fa890ea0df64ba1446789bbd7c694fb118597b1b0ece3d206f29c6f,Low,XGBoost + Isolation Forest (sandbox unavailable)
2026-08-29T10:18:04,eagiakjmjnblliacokhcalebgnhellfi,version,Not Confirmed,19.7.22.1059,Low,declared capability only (archived manifest — extension delisted)
2026-08-29T10:18:25,jbnopeoocgbmnochaadfnhiiimfpbpmf,version,Not Confirmed,1.0.0,Medium,declared capability only (archived manifest — extension delisted)
2026-08-29T10:18:28,ibiejjpajlfljcgjndbonclhcbdcamai,version,Not Confirmed,18.12.19.1401,Low,declared capability only (archived manifest — extension delisted)
2026-08-29T10:18:59,ihbiedpeaicgipncdnnkikeehnjiddck,version,Not Confirmed,2.0.6.6,Medium,declared capability only (archived manifest — extension delisted)
2026-08-29T10:19:08,anlhakiodmebohjmkbciohpglnjifjaa,version,Not Confirmed,3.0.0.0,Low,declared capability only (archived manifest — extension delisted)
2026-08-29T10:19:09,ngahaphlngmdfhbhkplbglnfhehnpgdb,version,Not Confirmed,6.0.4,Low,declared capability only (archived manifest — extension delisted)
2026-08-29T10:19:09,foiopecknacmiihiocgdjgbjokkpkohc,version,Not Confirmed,1.0.1,Low,declared capability only (archived manifest — extension delisted)
2026-08-29T10:19:09,ibibeegnncapfdcgpdnnbjbbojglhlmk,version,Not Confirmed,1.4,Low,declared capability only (archived manifest — extension delisted)
2026-08-29T10:19:09,bibjcjfmgapbfoljiojpipaooddpkpai,version,Not Confirmed,1.5,Low,declared capability only (archived manifest — extension delisted)
2026-08-29T10:19:26,gdocgbfmddcfnlnpmnghmjicjognhonm,version,Not Confirmed,3.0.9,Low,declared capability only (archived manifest — extension delisted)
2026-08-29T10:19:26,bpconcjcammlapcogcnnelfmaeghhagj,version,Not Confirmed,9.3.1,Low,declared capability only (archived manifest — extension delisted)
2026-08-29T10:19:28,fbcgkphadgmbalmlklhbdagcicajenei,version,Not Confirmed,4.3.4,Low,declared capability only (archived manifest — extension delisted)
2026-08-29T10:19:28,nlgphodeccebbcnkgmokeegopgpnjfkc,version,Not Confirmed,4.0.9.2,Low,declared capability only (archived manifest — extension delisted)
2026-08-29T10:19:28,deljjimclpnhngmikaiiodgggdniaooh,version,Not Confirmed,2.2.0.3,Low,declared capability only (archived manifest — extension delisted)
2026-08-29T10:19:29,hmooaemjmediafeacjplpbpenjnpcneg,version,Not Confirmed,1.3.12.3,Low,declared capability only (archived manifest — extension delisted)
2026-08-29T10:19:30,jdjldbengpgdcfkljfdmakdgmfpneldd,version,Not Confirmed,3.2.3.6,Low,declared capability only (archived manifest — extension delisted)
2026-08-29T10:19:31,pajkjnmeojmbapicmbpliphjmcekeaac,version,Not Confirmed,26.5.2,Medium,XGBoost + Isolation Forest (sandbox unavailable)
2026-08-29T10:19:31,pajkjnmeojmbapicmbpliphjmcekeaac,sha256,Not Found,fdd1eaee67b44d3e998437fe00ef1f5c549d08179f93daa2cc931febf2518886,Medium,XGBoost + Isolation Forest (sandbox unavailable)
2026-08-29T10:19:31,gaoflciahikhligngeccdecgfjngejlh,version,Not Confirmed,1.2.8,Low,declared capability only (archived manifest — extension delisted)
2026-08-29T10:19:32,mdaboflcmhejfihjcbmdiebgfchigjcf,version,Not Confirmed,1.2.3,Low,declared capability only (archived manifest — extension delisted)
2026-08-29T10:19:32,fedimamkpgiemhacbdhkkaihgofncola,version,Not Confirmed,1.7,Low,declared capability only (archived manifest — extension delisted)
2026-08-29T10:19:35,lkalpedlpidbenfnnldoboegepndcddk,version,Not Confirmed,1.2.2,Low,XGBoost + Isolation Forest (sandbox unavailable)
2026-08-29T10:19:35,lkalpedlpidbenfnnldoboegepndcddk,sha256,Not Found,cf0b3901130554c0c89fee488d5096c0d520a959a5dcd5fbec9b7c7f745f1813,Low,XGBoost + Isolation Forest (sandbox unavailable)
2026-08-29T10:19:36,ogbhbgkiojdollpjbhbamafmedkeockb,version,Not Confirmed,1.3.8,Low,declared capability only (archived manifest — extension delisted)
2026-08-29T10:19:37,ihfedmikeegmkebekpjflhnlmfbafbfe,version,Not Confirmed,1.1.6,Medium,XGBoost + Isolation Forest (sandbox unavailable)
2026-08-29T10:19:37,ihfedmikeegmkebekpjflhnlmfbafbfe,sha256,Not Found,365259a4ffa7067a06c7c0ba5e62f21c49164896500085f47c9daf5b8513fd79,Medium,XGBoost + Isolation Forest (sandbox unavailable)
2026-08-29T10:19:38,ekafoahfmdgaeefeeneiijbehnbocbij,version,Not Confirmed,0.0.2.010,Medium,XGBoost + Isolation Forest (sandbox unavailable)
2026-08-29T10:19:38,ekafoahfmdgaeefeeneiijbehnbocbij,sha256,Not Found,59c0085c7d42a25ca3836d77f9f71f693ce8161cae69e99689a184c0d56ecd71,Medium,XGBoost + Isolation Forest (sandbox unavailable)
2026-08-29T10:19:38,ibbkokjdcfjakihkpihlffljabiepdag,version,Not Confirmed,1.3.4,Medium,XGBoost + Isolation Forest (sandbox unavailable)
2026-08-29T10:19:38,ibbkokjdcfjakihkpihlffljabiepdag,sha256,Not Found,0372e743fc8bddcb7cb5150a05de81c1675a182cc058350282aab3184476fa13,Medium,XGBoost + Isolation Forest (sandbox unavailable)
2026-08-29T10:19:48,hdbipekpdpggjaipompnomhccfemaljm,version,Not Confirmed,3.0.15,Low,declared capability only (archived manifest — extension delisted)
2026-08-29T10:19:53,imkngaibigegepnlckfcbecjoilcjbhf,version,Not Confirmed,10.0.1,Low,declared capability only (archived manifest — extension delisted)
2026-08-29T10:19:53,aoeacblfmdamdejeiaepojbhohhkmkjh,version,Not Confirmed,1.0.1,Low,declared capability only (archived manifest — extension delisted)
2026-08-29T10:19:54,klbibkeccnjlkjkiokjodocebajanakg,version,Not Confirmed,7.1.6,Low,declared capability only (archived manifest — extension delisted)
2026-08-29T10:19:56,mbacbcfdfaapbcnlnbmciiaakomhkbkb,version,Not Confirmed,2.1.203,Low,declared capability only (archived manifest — extension delisted)
2026-08-29T10:19:56,acdfdofofabmipgcolilkfhnpoclgpdd,version,Not Confirmed,1.31.0,Low,declared capability only (archived manifest — extension delisted)
2026-08-29T10:19:56,mdnmhbnbebabimcjggckeoibchhckemm,version,Not Confirmed,2.68,Low,declared capability only (archived manifest — extension delisted)
2026-08-29T10:20:00,lgjogljbnbfjcaigalbhiagkboajmkkj,version,Not Confirmed,1.8.44,Low,declared capability only (archived manifest — extension delisted)
2026-08-29T10:20:00,clabdidkhcmbhkjnggoeecpldlegflmk,version,Not Confirmed,1.0,Low,declared capability only (archived manifest — extension delisted)
2026-08-29T10:20:13,afdfpkhbdpioonfeknablodaejkklbdn,sha256,Not Found,c1f263bd88facd43ca461221849e275b101d994e6bb46531f65c84240cbfac2b,Medium,XGBoost + Isolation Forest (sandbox unavailable)
2026-08-29T10:20:15,bhfoemlllidnfefgkeaeocnageepbael,version,Not Confirmed,1.4.6,Low,declared capability only (archived manifest — extension delisted)
2026-08-29T10:20:15,bhfoemlllidnfefgkeaeocnageepbael,store,Not Confirmed,Chrome,Low,declared capability only (archived manifest — extension delisted)
2026-08-29T10:20:22,ceoldlgkhdbnnmojajjgfapagjccblib,version,Not Confirmed,4.1.0,Low,declared capability only (archived manifest — extension delisted)
2026-08-29T10:20:22,ceoldlgkhdbnnmojajjgfapagjccblib,store,Not Confirmed,Chrome,Low,declared capability only (archived manifest — extension delisted)
2026-08-29T10:20:26,ccjlpblmgkncnnimcmbanbnhbggdpkie,sha256,Not Found,92b6be3867711d99caadb4446d6b3347b91318eb450b54232a685cc70d0e672c,Low,XGBoost + Isolation Forest (sandbox unavailable)
2026-08-29T10:20:26,ccjlpblmgkncnnimcmbanbnhbggdpkie,date,N/A,8/29/2026,Low,XGBoost + Isolation Forest (sandbox unavailable)
2026-08-29T10:20:26,ccjlpblmgkncnnimcmbanbnhbggdpkie,reason,Not yet confirmed,In store but Suspicious,Low,XGBoost + Isolation Forest (sandbox unavailable)
2026-08-29T10:20:26,cgpbghdbejagejmciefmekcklikpoeel,version,Not Confirmed,1.0.9,Low,declared capability only (archived manifest — extension delisted)
2026-08-29T10:20:26,cgpbghdbejagejmciefmekcklikpoeel,store,Not Confirmed,Chrome,Low,declared capability only (archived manifest — extension delisted)
2026-08-29T10:20:27,bebmphofpgkhclocdbgomhnjcpelbenh,sha256,Not Found,3fedca0e1fc55e1eca597b44302531fdda2d179f55759e9fdd9654651e273247,Medium,XGBoost + Isolation Forest (sandbox unavailable)
2026-08-29T10:20:29,chlpbdodahbpifpjbcoocpfadoffdbpb,version,Not Confirmed,1.1,Low,declared capability only (archived manifest — extension delisted)
2026-08-29T10:20:29,chlpbdodahbpifpjbcoocpfadoffdbpb,store,Not Confirmed,Chrome,Low,declared capability only (archived manifest — extension delisted)
2026-08-29T10:20:29,chlpbdodahbpifpjbcoocpfadoffdbpb,date,N/A,8/29/2026,Low,declared capability only (archived manifest — extension delisted)
2026-08-29T10:20:29,chlpbdodahbpifpjbcoocpfadoffdbpb,reason,Not yet confirmed,Removal reason Unknown,Low,declared capability only (archived manifest — extension delisted)
2026-08-29T10:20:40,cfegchignldpfnjpodhcklmgleaoanhi,sha256,Not Found,5884ae65836f41c229960a3250d08a6298f950401bb971fd807b08fa6e83d0b7,Medium,XGBoost + Isolation Forest (sandbox unavailable)
2026-08-29T10:20:40,cfegchignldpfnjpodhcklmgleaoanhi,date,N/A,8/29/2026,Medium,XGBoost + Isolation Forest (sandbox unavailable)
2026-08-29T10:20:40,cfegchignldpfnjpodhcklmgleaoanhi,reason,Not yet confirmed,Malware,Medium,XGBoost + Isolation Forest (sandbox unavailable)
2026-08-29T10:20:44,anflghppebdhjipndogapfagemgnlblh,sha256,Not Found,62e7a67adacdf3c8b59d7afd0ca678d829493fa66d9fd42aedd6eeef483df917,Medium,XGBoost + Isolation Forest (sandbox unavailable)
2026-08-29T10:20:54,cclhgechkjghfaoebihpklmllnnlnbdb,sha256,Not Found,f07bc2ee64d2ae4c36cb40b19b63146d3af46467f48da7e067e78c57a64a483d,Low,XGBoost + Isolation Forest (sandbox unavailable)
2026-08-29T10:20:54,cclhgechkjghfaoebihpklmllnnlnbdb,date,N/A,8/29/2026,Low,XGBoost + Isolation Forest (sandbox unavailable)
2026-08-29T10:20:54,cclhgechkjghfaoebihpklmllnnlnbdb,reason,Not yet confirmed,In store but Suspicious,Low,XGBoost + Isolation Forest (sandbox unavailable)
2026-08-29T10:21:03,coabfkgengacobjpmdlmmihhhfnhbjdm,sha256,Not Found,4c79107fcd3485ca0b1774b7fa5c92ccfcbbac2fef4684a791b6e76e668ad6e1,Low,XGBoost + Isolation Forest (sandbox unavailable)
2026-08-29T10:21:12,dkbccihpiccbcheieabdbjikohfdfaje,sha256,Not Found,ea1226d7088cfaacc4088e647ede84aa08557a5f2791999853539200faf587bb,Low,XGBoost + Isolation Forest (sandbox unavailable)
2026-08-29T10:21:24,dneifdhdmnmmlobjbimlkcnhkbidmlek,sha256,Not Found,a6823ea189ceda83bb3dc1020784e6f528223dcfb2adaab823c9082cb9ed9f6a,Low,XGBoost + Isolation Forest (sandbox unavailable)
2026-08-29T10:21:24,dlpimjmonhbmamocpboifndnnakgknbf,sha256,Not Found,589acb6b8a678b2ddf9ab8e96251def456a7de31bf85a3cd4f47111e32547cd0,Medium,XGBoost + Isolation Forest (sandbox unavailable)
2026-08-29T10:21:26,dpfofggmkhdbfcciajfdphofclabnogo,sha256,Not Found,81541197a96f767fe6cebadf2397a2e03a14a4af0a7b15f607cb65f43cd3217f,Low,XGBoost + Isolation Forest (sandbox unavailable)
2026-08-29T10:21:30,ehpgcagmhpndkmglombjndkdmggkgnge,version,Not Confirmed,2.5.1,Low,declared capability only (archived manifest — extension delisted)
2026-08-29T10:21:30,ehpgcagmhpndkmglombjndkdmggkgnge,store,Not Confirmed,Chrome,Low,declared capability only (archived manifest — extension delisted)
2026-08-29T10:21:30,ehpgcagmhpndkmglombjndkdmggkgnge,date,N/A,8/29/2026,Low,declared capability only (archived manifest — extension delisted)
2026-08-29T10:21:30,ehpgcagmhpndkmglombjndkdmggkgnge,reason,Not yet confirmed,Removal reason Unknown,Low,declared capability only (archived manifest — extension delisted)
2026-08-29T10:21:31,edlifbnjlicfpckhgjhflgkeeibhhcii,sha256,Not Found,c79a6d8ebc4276d8e5a34841f0bffdc35c4525e90bca2a811ec4e4bbfa436e04,Low,XGBoost + Isolation Forest (sandbox unavailable)
2026-08-29T10:21:31,edlifbnjlicfpckhgjhflgkeeibhhcii,date,N/A,8/29/2026,Low,XGBoost + Isolation Forest (sandbox unavailable)
2026-08-29T10:21:31,edlifbnjlicfpckhgjhflgkeeibhhcii,reason,Not yet confirmed,In store but Suspicious,Low,XGBoost + Isolation Forest (sandbox unavailable)
2026-08-29T10:21:32,eikbfklcjampfnmclhjeifbmfkpkfpbn,version,Not Confirmed,1.3.0,Low,declared capability only (archived manifest — extension delisted)
2026-08-29T10:21:32,eikbfklcjampfnmclhjeifbmfkpkfpbn,store,Not Confirmed,Chrome,Low,declared capability only (archived manifest — extension delisted)
2026-08-29T10:21:35,emeokgokialpjadjaoeiplmnkjoaegng,version,Not Confirmed,1.3.3,Low,declared capability only (archived manifest — extension delisted)
2026-08-29T10:21:35,emeokgokialpjadjaoeiplmnkjoaegng,store,Not Confirmed,Chrome,Low,declared capability only (archived manifest — extension delisted)
2026-08-29T10:21:37,ejllkedmklophclpgonojjkaliafeilj,sha256,Not Found,68da0388cff356dfe3416658416431da649a5845586bc4968271418abeefe04b,Medium,XGBoost + Isolation Forest (sandbox unavailable)
2026-08-29T10:21:37,ejllkedmklophclpgonojjkaliafeilj,date,N/A,8/29/2026,Medium,XGBoost + Isolation Forest (sandbox unavailable)
2026-08-29T10:21:37,ejllkedmklophclpgonojjkaliafeilj,reason,Not yet confirmed,Adware,Medium,XGBoost + Isolation Forest (sandbox unavailable)
2026-08-29T10:21:38,eoeoincjhpflnpdaiemgbboknhkblome,version,Not Confirmed,7.1.21.0,Low,declared capability only (archived manifest — extension delisted)
2026-08-29T10:21:38,eoeoincjhpflnpdaiemgbboknhkblome,store,Not Confirmed,Chrome,Low,declared capability only (archived manifest — extension delisted)
2026-08-29T10:21:38,eoeoincjhpflnpdaiemgbboknhkblome,date,N/A,8/29/2026,Low,declared capability only (archived manifest — extension delisted)
2026-08-29T10:21:38,eoeoincjhpflnpdaiemgbboknhkblome,reason,Not yet confirmed,Policy Violation,Low,declared capability only (archived manifest — extension delisted)
2026-08-29T10:21:45,fgaapohcdolaiaijobecfleiohcfhdfb,store,Not Confirmed,Chrome,Low,declared capability only (archived manifest — extension delisted)
2026-08-29T10:21:47,fbjhgeaafhlbjiejehpjdnghinlcceak,extension_name,Not Found,Simple Volume Booster,Low,XGBoost + Isolation Forest (sandbox unavailable)
2026-08-29T10:21:47,fbjhgeaafhlbjiejehpjdnghinlcceak,version,Not Confirmed,3.67,Low,XGBoost + Isolation Forest (sandbox unavailable)
2026-08-29T10:21:47,fbjhgeaafhlbjiejehpjdnghinlcceak,store,Not Confirmed,Chrome,Low,XGBoost + Isolation Forest (sandbox unavailable)
2026-08-29T10:21:47,fbjhgeaafhlbjiejehpjdnghinlcceak,sha256,Not Found,9d60d7cdf99eacdf7e7a8109df29fdd162a24e0c608d3777afb268d9ebf8b24e,Low,XGBoost + Isolation Forest (sandbox unavailable)
2026-08-29T10:21:47,fbjhgeaafhlbjiejehpjdnghinlcceak,date,N/A,8/29/2026,Low,XGBoost + Isolation Forest (sandbox unavailable)
2026-08-29T10:21:47,fbjhgeaafhlbjiejehpjdnghinlcceak,reason,Not yet confirmed,In store but Suspicious,Low,XGBoost + Isolation Forest (sandbox unavailable)
2026-08-29T10:21:49,fedchalbmgfhdobblebblldiblbmpgdj,sha256,Not Found,7cc313e1984e00fba19c419ceb37a17664b04a6392fdbf38d99f37dce53e2d98,Medium,XGBoost + Isolation Forest (sandbox unavailable)
2026-08-29T10:21:49,fedchalbmgfhdobblebblldiblbmpgdj,date,N/A,8/29/2026,Medium,XGBoost + Isolation Forest (sandbox unavailable)
2026-08-29T10:21:49,fedchalbmgfhdobblebblldiblbmpgdj,reason,Not yet confirmed,Adware,Medium,XGBoost + Isolation Forest (sandbox unavailable)
2026-08-29T10:21:59,djekgpcemgcnfkjldcclcpcjhemofcib,sha256,Not Found,3c0418f0e9741f5aa3b66f7461ebac8422eb5c874a7d2a607595f2ca1726b43c,Low,XGBoost + Isolation Forest (sandbox unavailable)
2026-08-29T10:22:06,gabbbocakeomblphkmmnoamkioajlkfo,extension_name,Not Found,Nano Adblocker,Low,declared capability only (archived manifest — extension delisted)
2026-08-29T10:22:06,gabbbocakeomblphkmmnoamkioajlkfo,version,Not Confirmed,1.0.0.153,Low,declared capability only (archived manifest — extension delisted)
2026-08-29T10:22:06,gabbbocakeomblphkmmnoamkioajlkfo,store,Not Confirmed,Chrome,Low,declared capability only (archived manifest — extension delisted)
2026-08-29T10:22:06,gabbbocakeomblphkmmnoamkioajlkfo,date,N/A,8/29/2026,Low,declared capability only (archived manifest — extension delisted)
2026-08-29T10:22:06,gabbbocakeomblphkmmnoamkioajlkfo,reason,Not yet confirmed,Policy Violation,Low,declared capability only (archived manifest — extension delisted)
2026-08-29T10:22:09,ehmneimbopigfgchjglgngamiccjkijh,sha256,Not Found,7e8845ce4a825c195e3d4492a575b32c81ef8291a6a2105b3be28fc63f05259d,Medium,XGBoost + Isolation Forest (sandbox unavailable)
2026-08-29T10:22:09,ehmneimbopigfgchjglgngamiccjkijh,date,N/A,8/29/2026,Medium,XGBoost + Isolation Forest (sandbox unavailable)
2026-08-29T10:22:09,ehmneimbopigfgchjglgngamiccjkijh,reason,Not yet confirmed,Malware,Medium,XGBoost + Isolation Forest (sandbox unavailable)
2026-08-29T10:22:10,ggolfgbegefeeoocgjbmkembbncoadlb,extension_name,Not Found,Nano Defender,Low,declared capability only (archived manifest — extension delisted)
2026-08-29T10:22:10,ggolfgbegefeeoocgjbmkembbncoadlb,version,Not Confirmed,15.0.0.205,Low,declared capability only (archived manifest — extension delisted)
2026-08-29T10:22:10,ggolfgbegefeeoocgjbmkembbncoadlb,store,Not Confirmed,Chrome,Low,declared capability only (archived manifest — extension delisted)
2026-08-29T10:22:10,ggolfgbegefeeoocgjbmkembbncoadlb,date,N/A,8/29/2026,Low,declared capability only (archived manifest — extension delisted)
2026-08-29T10:22:10,ggolfgbegefeeoocgjbmkembbncoadlb,reason,Not yet confirmed,Removal reason Unknown,Low,declared capability only (archived manifest — extension delisted)
2026-08-29T10:22:38,ggacghlcchiiejclfdajbpkbjfgjhfol,sha256,Not Found,5295b5daa3e2f3cbcdb092dc92c9d80342248afc3ec6d23e293970e020d6d4a3,Low,XGBoost + Isolation Forest (sandbox unavailable)
2026-08-29T10:22:38,ggacghlcchiiejclfdajbpkbjfgjhfol,date,N/A,8/29/2026,Low,XGBoost + Isolation Forest (sandbox unavailable)
2026-08-29T10:22:38,ggacghlcchiiejclfdajbpkbjfgjhfol,reason,Not yet confirmed,In store but Suspicious,Low,XGBoost + Isolation Forest (sandbox unavailable)
2026-08-29T10:22:43,gjjbmfigjpgnehjioicaalopaikcnheo,extension_name,Not Found,Dark Theme - Dark mode for Chrome,Medium,XGBoost + Isolation Forest (sandbox unavailable)
2026-08-29T10:22:43,gjjbmfigjpgnehjioicaalopaikcnheo,version,Not Confirmed,1.8.1,Medium,XGBoost + Isolation Forest (sandbox unavailable)
2026-08-29T10:22:43,gjjbmfigjpgnehjioicaalopaikcnheo,store,Not Confirmed,Chrome,Medium,XGBoost + Isolation Forest (sandbox unavailable)
2026-08-29T10:22:43,gjjbmfigjpgnehjioicaalopaikcnheo,sha256,Not Found,65f43e0c38af9c5768b64e7225542a1750ccab4d3c882effb03fd36428f0e86b,Medium,XGBoost + Isolation Forest (sandbox unavailable)
2026-08-29T10:22:43,gjjbmfigjpgnehjioicaalopaikcnheo,date,N/A,8/29/2026,Medium,XGBoost + Isolation Forest (sandbox unavailable)
2026-08-29T10:22:43,gjjbmfigjpgnehjioicaalopaikcnheo,reason,Not yet confirmed,Policy Violation,Medium,XGBoost + Isolation Forest (sandbox unavailable)
2026-08-29T10:23:12,gbdjcgalliefpinpmggefbloehmmknca,sha256,Not Found,63caec7ed404c3fd4119d5953b6abe36a28c05b9e53705938a8102faf03335fe,Medium,XGBoost + Isolation Forest (sandbox unavailable)
2026-08-29T10:23:12,gbdjcgalliefpinpmggefbloehmmknca,date,N/A,8/29/2026,Medium,XGBoost + Isolation Forest (sandbox unavailable)
2026-08-29T10:23:12,gbdjcgalliefpinpmggefbloehmmknca,reason,Not yet confirmed,Policy Violation,Medium,XGBoost + Isolation Forest (sandbox unavailable)
2026-08-29T10:23:14,iibnodnghffmdcebaglfgnfkgemcbchf,version,Not Confirmed,1.0.3,Low,declared capability only (archived manifest — extension delisted)
2026-08-29T10:23:14,iibnodnghffmdcebaglfgnfkgemcbchf,store,Not Confirmed,Chrome,Low,declared capability only (archived manifest — extension delisted)
2026-08-29T10:23:14,iibnodnghffmdcebaglfgnfkgemcbchf,date,N/A,8/29/2026,Low,declared capability only (archived manifest — extension delisted)
2026-08-29T10:23:14,iibnodnghffmdcebaglfgnfkgemcbchf,reason,Not yet confirmed,Removal reason Unknown,Low,declared capability only (archived manifest — extension delisted)
2026-08-29T10:23:36,iklgljbighkgbjoecoddejooldolenbj,sha256,Not Found,a91f9ad6b76081a8b45db06f3f62abe7af667a1636df4d384adbef092d026554,Low,XGBoost + Isolation Forest (sandbox unavailable)
2026-08-29T10:23:36,iklgljbighkgbjoecoddejooldolenbj,date,N/A,8/29/2026,Low,XGBoost + Isolation Forest (sandbox unavailable)
2026-08-29T10:23:36,iklgljbighkgbjoecoddejooldolenbj,reason,Not yet confirmed,In store but Suspicious,Low,XGBoost + Isolation Forest (sandbox unavailable)
2026-08-29T10:23:39,imopknpgdihifjkjpmjaagcagkefddnb,sha256,Not Found,6cbe71492d57d57be9689d5d771a3e1a0a77ddcb889422a02ff1dac5b9d86f5d,Low,XGBoost + Isolation Forest (sandbox unavailable)
2026-08-29T10:23:39,imopknpgdihifjkjpmjaagcagkefddnb,date,N/A,8/29/2026,Low,XGBoost + Isolation Forest (sandbox unavailable)
2026-08-29T10:23:39,imopknpgdihifjkjpmjaagcagkefddnb,reason,Not yet confirmed,In store but Suspicious,Low,XGBoost + Isolation Forest (sandbox unavailable)
2026-08-29T10:23:57,jdlkkmamiaikhfampledjnhhkbeifokk,sha256,Not Found,7fdf0bbaf975ccd46cac420c4785c14aad089602a71c7b8fb9dda02ec6ffaa7d,Low,XGBoost + Isolation Forest (sandbox unavailable)
2026-08-29T10:23:57,jdlkkmamiaikhfampledjnhhkbeifokk,date,N/A,8/29/2026,Low,XGBoost + Isolation Forest (sandbox unavailable)
2026-08-29T10:23:57,jdlkkmamiaikhfampledjnhhkbeifokk,reason,Not yet confirmed,In store but Suspicious,Low,XGBoost + Isolation Forest (sandbox unavailable)
2026-08-29T10:24:27,kacljcbejojnapnmiifgckbafkojcncf,version,Not Confirmed,1.5,Low,declared capability only (archived manifest — extension delisted)
2026-08-29T10:24:27,kacljcbejojnapnmiifgckbafkojcncf,store,Not Confirmed,Chrome,Low,declared capability only (archived manifest — extension delisted)
2026-08-29T10:24:27,kacljcbejojnapnmiifgckbafkojcncf,date,N/A,8/29/2026,Low,declared capability only (archived manifest — extension delisted)
2026-08-29T10:24:27,kacljcbejojnapnmiifgckbafkojcncf,reason,Not yet confirmed,Policy Violation,Low,declared capability only (archived manifest — extension delisted)
2026-08-29T10:24:51,icchadngbpkcegnabnabhkjkfkfflmpj,sha256,Not Found,e36329ac2c746b5d09bb4765bcf8c62db8d37135999f500f1b2b2c07538a7cf7,Medium,XGBoost + Isolation Forest (sandbox unavailable)
2026-08-29T10:24:51,icchadngbpkcegnabnabhkjkfkfflmpj,date,N/A,8/29/2026,Medium,XGBoost + Isolation Forest (sandbox unavailable)
2026-08-29T10:24:51,icchadngbpkcegnabnabhkjkfkfflmpj,reason,Not yet confirmed,Malware,Medium,XGBoost + Isolation Forest (sandbox unavailable)
2026-08-29T10:24:53,kekdpkbijjffmohdaonbpeeaiknhbkhj,version,Not Confirmed,2.2.3,Low,declared capability only (archived manifest — extension delisted)
2026-08-29T10:24:53,kekdpkbijjffmohdaonbpeeaiknhbkhj,store,Not Confirmed,Chrome,Low,declared capability only (archived manifest — extension delisted)
2026-08-29T10:24:53,kekdpkbijjffmohdaonbpeeaiknhbkhj,date,N/A,8/29/2026,Low,declared capability only (archived manifest — extension delisted)
2026-08-29T10:24:53,kekdpkbijjffmohdaonbpeeaiknhbkhj,reason,Not yet confirmed,Removal reason Unknown,Low,declared capability only (archived manifest — extension delisted)
2026-08-29T10:25:04,jhkhlgaomejplkanglolfpcmfknnomle,sha256,Not Found,c3c459319c9da44c66547bbdda706e2109e81356415221e853faac7b7e68365f,Medium,XGBoost + Isolation Forest (sandbox unavailable)
2026-08-29T10:25:04,jhkhlgaomejplkanglolfpcmfknnomle,date,N/A,8/29/2026,Medium,XGBoost + Isolation Forest (sandbox unavailable)
2026-08-29T10:25:04,jhkhlgaomejplkanglolfpcmfknnomle,reason,Not yet confirmed,Policy Violation,Medium,XGBoost + Isolation Forest (sandbox unavailable)
2026-08-29T10:25:10,ijejnggjjphlenbhmjhhgcdpehhacaal,sha256,Not Found,35ca34890743e2664763fce97b36f16aa21098f6a0762a62b0d81145cef4b8d6,Medium,XGBoost + Isolation Forest (sandbox unavailable)
2026-08-29T10:25:10,ijejnggjjphlenbhmjhhgcdpehhacaal,date,N/A,8/29/2026,Medium,XGBoost + Isolation Forest (sandbox unavailable)
2026-08-29T10:25:10,ijejnggjjphlenbhmjhhgcdpehhacaal,reason,Not yet confirmed,Policy Violation,Medium,XGBoost + Isolation Forest (sandbox unavailable)
2026-08-29T10:25:13,lagdcjmbchphhndlbpfajelapcodekll,version,Not Confirmed,1.2.1,Low,declared capability only (archived manifest — extension delisted)
2026-08-29T10:25:13,lagdcjmbchphhndlbpfajelapcodekll,store,Not Confirmed,Chrome,Low,declared capability only (archived manifest — extension delisted)
2026-08-29T10:25:13,lagdcjmbchphhndlbpfajelapcodekll,date,N/A,8/29/2026,Low,declared capability only (archived manifest — extension delisted)
2026-08-29T10:25:13,lagdcjmbchphhndlbpfajelapcodekll,reason,Not yet confirmed,Removal reason Unknown,Low,declared capability only (archived manifest — extension delisted)
2026-08-29T10:25:20,hnfabcchmopgohnhkcojhocneefbnffg,sha256,Not Found,8e321385cf70e63ba74546a4155c57cb74259eef2c4afebe8651c0d8193e9690,Low,XGBoost + Isolation Forest (sandbox unavailable)
2026-08-29T10:25:20,hnfabcchmopgohnhkcojhocneefbnffg,date,N/A,8/29/2026,Low,XGBoost + Isolation Forest (sandbox unavailable)
2026-08-29T10:25:20,hnfabcchmopgohnhkcojhocneefbnffg,reason,Not yet confirmed,In store but Suspicious,Low,XGBoost + Isolation Forest (sandbox unavailable)
2026-08-29T10:25:35,laameccjpleogmfhilmffpdbiibgbekf,extension_name,Not Found,Tab Suspender,Low,XGBoost + Isolation Forest (sandbox unavailable)
2026-08-29T10:25:35,laameccjpleogmfhilmffpdbiibgbekf,version,Not Confirmed,1.0.4,Low,XGBoost + Isolation Forest (sandbox unavailable)
2026-08-29T10:25:35,laameccjpleogmfhilmffpdbiibgbekf,store,Not Confirmed,Chrome,Low,XGBoost + Isolation Forest (sandbox unavailable)
2026-08-29T10:25:35,laameccjpleogmfhilmffpdbiibgbekf,sha256,Not Found,0d5f8d4ee7dc55937c54200f23627d752fb945705f509e18d9356882a31a83f6,Low,XGBoost + Isolation Forest (sandbox unavailable)
2026-08-29T10:25:35,laameccjpleogmfhilmffpdbiibgbekf,date,N/A,8/29/2026,Low,XGBoost + Isolation Forest (sandbox unavailable)
2026-08-29T10:25:35,laameccjpleogmfhilmffpdbiibgbekf,reason,Not yet confirmed,In store but Suspicious,Low,XGBoost + Isolation Forest (sandbox unavailable)
2026-08-29T10:25:38,kgfeiebnfmmfpomhochmlfmdmjmfedfj,sha256,Not Found,994b8aa7a651d12a8299a6a91ddf37ced4fe7dc6ad642a301f62c5a4bb9ee278,Medium,XGBoost + Isolation Forest (sandbox unavailable)
2026-08-29T10:25:38,kgfeiebnfmmfpomhochmlfmdmjmfedfj,date,N/A,8/29/2026,Medium,XGBoost + Isolation Forest (sandbox unavailable)
2026-08-29T10:25:38,kgfeiebnfmmfpomhochmlfmdmjmfedfj,reason,Not yet confirmed,Malware,Medium,XGBoost + Isolation Forest (sandbox unavailable)
2026-08-29T10:25:39,lkahpjghmdhpiojknppmlenngmpkkfma,extension_name,Not Found,Skip Ads - Adblock for YouTube,Medium,XGBoost + Isolation Forest (sandbox unavailable)
2026-08-29T10:25:39,lkahpjghmdhpiojknppmlenngmpkkfma,version,Not Confirmed,1.1.6,Medium,XGBoost + Isolation Forest (sandbox unavailable)
2026-08-29T10:25:39,lkahpjghmdhpiojknppmlenngmpkkfma,store,Not Confirmed,Chrome,Medium,XGBoost + Isolation Forest (sandbox unavailable)
2026-08-29T10:25:39,lkahpjghmdhpiojknppmlenngmpkkfma,sha256,Not Found,a50b9bbb020e25129c8d63a809b634e76969f01994576515c205936b819458c6,Medium,XGBoost + Isolation Forest (sandbox unavailable)
2026-08-29T10:25:39,lkahpjghmdhpiojknppmlenngmpkkfma,date,N/A,8/29/2026,Medium,XGBoost + Isolation Forest (sandbox unavailable)
2026-08-29T10:25:39,lkahpjghmdhpiojknppmlenngmpkkfma,reason,Not yet confirmed,Adware,Medium,XGBoost + Isolation Forest (sandbox unavailable)
2026-08-29T10:25:52,ledkggjjapdgojgihnaploncccgiadhg,sha256,Not Found,84161e794e7137d6be5dcbffb5139505e9a3853dd1d180bf725ac75b3c812182,Medium,XGBoost + Isolation Forest (sandbox unavailable)
2026-08-29T10:25:52,ledkggjjapdgojgihnaploncccgiadhg,date,N/A,8/29/2026,Medium,XGBoost + Isolation Forest (sandbox unavailable)
2026-08-29T10:25:52,ledkggjjapdgojgihnaploncccgiadhg,reason,Not yet confirmed,Malware,Medium,XGBoost + Isolation Forest (sandbox unavailable)
2026-08-29T10:25:56,lknpbgnookklokdjomiildnlalffjmma,extension_name,Not Found,Save Story for Instagram,Medium,XGBoost + Isolation Forest (sandbox unavailable)
2026-08-29T10:25:56,lknpbgnookklokdjomiildnlalffjmma,version,Not Confirmed,1.8.3,Medium,XGBoost + Isolation Forest (sandbox unavailable)
2026-08-29T10:25:56,lknpbgnookklokdjomiildnlalffjmma,store,Not Confirmed,Chrome,Medium,XGBoost + Isolation Forest (sandbox unavailable)
2026-08-29T10:25:56,lknpbgnookklokdjomiildnlalffjmma,sha256,Not Found,3cf25a7c5325765a540d3e79dfd2db5153691f64b011e09f7fcbaa1e6b44b28e,Medium,XGBoost + Isolation Forest (sandbox unavailable)
2026-08-29T10:25:56,lknpbgnookklokdjomiildnlalffjmma,date,N/A,8/29/2026,Medium,XGBoost + Isolation Forest (sandbox unavailable)
2026-08-29T10:25:56,lknpbgnookklokdjomiildnlalffjmma,reason,Not yet confirmed,Malware,Medium,XGBoost + Isolation Forest (sandbox unavailable)
2026-08-29T10:25:58,mdpgppkombninhkfhaggckdmencplhmg,version,Not Confirmed,1.8.2,Low,declared capability only (archived manifest — extension delisted)
2026-08-29T10:25:58,mdpgppkombninhkfhaggckdmencplhmg,store,Not Confirmed,Chrome,Low,declared capability only (archived manifest — extension delisted)
2026-08-29T10:25:58,mdpgppkombninhkfhaggckdmencplhmg,date,N/A,8/29/2026,Low,declared capability only (archived manifest — extension delisted)
2026-08-29T10:25:58,mdpgppkombninhkfhaggckdmencplhmg,reason,Not yet confirmed,Policy Violation,Low,declared capability only (archived manifest — extension delisted)
2026-08-29T10:26:05,jpefmbpcbebpjpmelobfakahfdcgcmkl,sha256,Not Found,0b713ce42e4aae8f487942379be5cebe733e9735e749c36664f6737e9c97d2d0,Medium,XGBoost + Isolation Forest (sandbox unavailable)
2026-08-29T10:26:05,jpefmbpcbebpjpmelobfakahfdcgcmkl,date,N/A,8/29/2026,Medium,XGBoost + Isolation Forest (sandbox unavailable)
2026-08-29T10:26:05,jpefmbpcbebpjpmelobfakahfdcgcmkl,reason,Not yet confirmed,Malware,Medium,XGBoost + Isolation Forest (sandbox unavailable)
2026-08-29T10:26:12,mnafnfdagggclnaggnjajohakfbppaih,version,Not Confirmed,3.1.2,Low,declared capability only (archived manifest — extension delisted)
2026-08-29T10:26:12,mnafnfdagggclnaggnjajohakfbppaih,store,Not Confirmed,Chrome,Low,declared capability only (archived manifest — extension delisted)
2026-08-29T10:26:12,mnafnfdagggclnaggnjajohakfbppaih,date,N/A,8/29/2026,Low,declared capability only (archived manifest — extension delisted)
2026-08-29T10:26:12,mnafnfdagggclnaggnjajohakfbppaih,reason,Not yet confirmed,Policy Violation,Low,declared capability only (archived manifest — extension delisted)
2026-08-29T10:26:33,meffljleomgifbbcffejnmhjagncfpbd,extension_name,Not Found,Infinite Dashboard - New Tab like no other,Medium,XGBoost + Isolation Forest (sandbox unavailable)
2026-08-29T10:26:33,meffljleomgifbbcffejnmhjagncfpbd,version,Not Confirmed,4.1.2,Medium,XGBoost + Isolation Forest (sandbox unavailable)
2026-08-29T10:26:33,meffljleomgifbbcffejnmhjagncfpbd,store,Not Confirmed,Chrome,Medium,XGBoost + Isolation Forest (sandbox unavailable)
2026-08-29T10:26:33,meffljleomgifbbcffejnmhjagncfpbd,sha256,Not Found,d356c9995ea2426bb0cbcebfc538178b155d9ce477369b2a5cddfbae4ac89d44,Medium,XGBoost + Isolation Forest (sandbox unavailable)
2026-08-29T10:26:33,meffljleomgifbbcffejnmhjagncfpbd,date,N/A,8/29/2026,Medium,XGBoost + Isolation Forest (sandbox unavailable)
2026-08-29T10:26:33,meffljleomgifbbcffejnmhjagncfpbd,reason,Not yet confirmed,Policy Violation,Medium,XGBoost + Isolation Forest (sandbox unavailable)
2026-08-29T10:26:34,lopnbnfpjmgpbppclhclehhgafnifija,extension_name,Not Found,Google Translate in Side Panel,Low,XGBoost + Isolation Forest (sandbox unavailable)
2026-08-29T10:26:34,lopnbnfpjmgpbppclhclehhgafnifija,version,Not Confirmed,5.3.5,Low,XGBoost + Isolation Forest (sandbox unavailable)
2026-08-29T10:26:34,lopnbnfpjmgpbppclhclehhgafnifija,store,Not Confirmed,Chrome,Low,XGBoost + Isolation Forest (sandbox unavailable)
2026-08-29T10:26:34,lopnbnfpjmgpbppclhclehhgafnifija,sha256,Not Found,86885125ac90776cd8ee11004d44c3d4665bc6c248f6734da2ce6be3bf76e963,Low,XGBoost + Isolation Forest (sandbox unavailable)
2026-08-29T10:26:34,lopnbnfpjmgpbppclhclehhgafnifija,date,N/A,8/29/2026,Low,XGBoost + Isolation Forest (sandbox unavailable)
2026-08-29T10:26:34,lopnbnfpjmgpbppclhclehhgafnifija,reason,Not yet confirmed,In store but Suspicious,Low,XGBoost + Isolation Forest (sandbox unavailable)
2026-08-29T10:26:53,npdfkclmbnoklkdebjfodpendkepbjek,extension_name,Not Found,Browsing Protector,Medium,XGBoost + Isolation Forest (sandbox unavailable)
2026-08-29T10:26:53,npdfkclmbnoklkdebjfodpendkepbjek,version,Not Confirmed,1.4,Medium,XGBoost + Isolation Forest (sandbox unavailable)
2026-08-29T10:26:53,npdfkclmbnoklkdebjfodpendkepbjek,store,Not Confirmed,Chrome,Medium,XGBoost + Isolation Forest (sandbox unavailable)
2026-08-29T10:26:53,npdfkclmbnoklkdebjfodpendkepbjek,sha256,Not Found,fc087d497197a3bbbdcf98c75d6c4ef452b5c819e73799059a915fcb4316d9bf,Medium,XGBoost + Isolation Forest (sandbox unavailable)
2026-08-29T10:26:53,npdfkclmbnoklkdebjfodpendkepbjek,date,N/A,8/29/2026,Medium,XGBoost + Isolation Forest (sandbox unavailable)
2026-08-29T10:26:53,npdfkclmbnoklkdebjfodpendkepbjek,reason,Not yet confirmed,Search Hijacking,Medium,XGBoost + Isolation Forest (sandbox unavailable)
2026-08-29T10:26:59,mnlohknjofogcljbcknkakphddjpijak,extension_name,Not Found,"Translate - Translator, Dictionary, TTS",Low,XGBoost + Isolation Forest (sandbox unavailable)
2026-08-29T10:26:59,mnlohknjofogcljbcknkakphddjpijak,version,Not Confirmed,1.4.11,Low,XGBoost + Isolation Forest (sandbox unavailable)
2026-08-29T10:26:59,mnlohknjofogcljbcknkakphddjpijak,store,Not Confirmed,Chrome,Low,XGBoost + Isolation Forest (sandbox unavailable)
2026-08-29T10:26:59,mnlohknjofogcljbcknkakphddjpijak,sha256,Not Found,770de3e555983d429923c8a14f32ab0421c5c5bda994947a2e65ea8bedfcb7bc,Low,XGBoost + Isolation Forest (sandbox unavailable)
2026-08-29T10:26:59,mnlohknjofogcljbcknkakphddjpijak,date,N/A,8/29/2026,Low,XGBoost + Isolation Forest (sandbox unavailable)
2026-08-29T10:26:59,mnlohknjofogcljbcknkakphddjpijak,reason,Not yet confirmed,In store but Suspicious,Low,XGBoost + Isolation Forest (sandbox unavailable)
2026-08-29T10:27:15,nmigaijibiabddkkmjhlehchpmgbokfj,extension_name,Not Found,Sound Booster - increase volume up,Low,XGBoost + Isolation Forest (sandbox unavailable)
2026-08-29T10:27:15,nmigaijibiabddkkmjhlehchpmgbokfj,version,Not Confirmed,1.0.14,Low,XGBoost + Isolation Forest (sandbox unavailable)
2026-08-29T10:27:15,nmigaijibiabddkkmjhlehchpmgbokfj,store,Not Confirmed,Chrome,Low,XGBoost + Isolation Forest (sandbox unavailable)
2026-08-29T10:27:15,nmigaijibiabddkkmjhlehchpmgbokfj,sha256,Not Found,1aab27e5b92869561e06433bef7d51006d223116c3efb006ded5b452fd8da593,Low,XGBoost + Isolation Forest (sandbox unavailable)
2026-08-29T10:27:15,nmigaijibiabddkkmjhlehchpmgbokfj,date,N/A,8/29/2026,Low,XGBoost + Isolation Forest (sandbox unavailable)
2026-08-29T10:27:15,nmigaijibiabddkkmjhlehchpmgbokfj,reason,Not yet confirmed,In store but Suspicious,Low,XGBoost + Isolation Forest (sandbox unavailable)
2026-08-29T10:27:18,mejjgaogggabifjfjdbnobinfibaamla,extension_name,Not Found,AI Assistant for Chrome | SidebarGPT,Low,XGBoost + Isolation Forest (sandbox unavailable)
2026-08-29T10:27:18,mejjgaogggabifjfjdbnobinfibaamla,version,Not Confirmed,2.4,Low,XGBoost + Isolation Forest (sandbox unavailable)
2026-08-29T10:27:18,mejjgaogggabifjfjdbnobinfibaamla,store,Not Confirmed,Chrome,Low,XGBoost + Isolation Forest (sandbox unavailable)
2026-08-29T10:27:18,mejjgaogggabifjfjdbnobinfibaamla,sha256,Not Found,03a7ce71fe195548e1f91f137ffef11f578229b88156aa3bf0cf71ae2843e1c3,Low,XGBoost + Isolation Forest (sandbox unavailable)
2026-08-29T10:27:18,mejjgaogggabifjfjdbnobinfibaamla,date,N/A,8/29/2026,Low,XGBoost + Isolation Forest (sandbox unavailable)
2026-08-29T10:27:18,mejjgaogggabifjfjdbnobinfibaamla,reason,Not yet confirmed,In store but Suspicious,Low,XGBoost + Isolation Forest (sandbox unavailable)
2026-08-29T10:27:43,oepjogknopbbibcjcojmedaepolkghpb,extension_name,Not Found,"Editor for Docs, Sheets & Slides",Low,XGBoost + Isolation Forest (sandbox unavailable)
2026-08-29T10:27:43,oepjogknopbbibcjcojmedaepolkghpb,version,Not Confirmed,1.1.10,Low,XGBoost + Isolation Forest (sandbox unavailable)
2026-08-29T10:27:43,oepjogknopbbibcjcojmedaepolkghpb,store,Not Confirmed,Chrome,Low,XGBoost + Isolation Forest (sandbox unavailable)
2026-08-29T10:27:43,oepjogknopbbibcjcojmedaepolkghpb,sha256,Not Found,1218c424c492f4484d3a9f8bfe131a533eccdfd18c64aa67f2fa490922fe55db,Low,XGBoost + Isolation Forest (sandbox unavailable)
2026-08-29T10:27:43,oepjogknopbbibcjcojmedaepolkghpb,date,N/A,8/29/2026,Low,XGBoost + Isolation Forest (sandbox unavailable)
2026-08-29T10:27:43,oepjogknopbbibcjcojmedaepolkghpb,reason,Not yet confirmed,In store but Suspicious,Low,XGBoost + Isolation Forest (sandbox unavailable)
2026-08-29T10:27:53,npmjjkphdlmbeidbdbfefgedondknlaf,extension_name,Not Found,uTab - Unlimited Custom Dashboard,Medium,XGBoost + Isolation Forest (sandbox unavailable)
2026-08-29T10:27:53,npmjjkphdlmbeidbdbfefgedondknlaf,version,Not Confirmed,3.6,Medium,XGBoost + Isolation Forest (sandbox unavailable)
2026-08-29T10:27:53,npmjjkphdlmbeidbdbfefgedondknlaf,store,Not Confirmed,Chrome,Medium,XGBoost + Isolation Forest (sandbox unavailable)
2026-08-29T10:27:53,npmjjkphdlmbeidbdbfefgedondknlaf,sha256,Not Found,22c934e66f6adb5cbfdab06e2bb455d6b8d377866ecf71f41872fbea94d9e393,Medium,XGBoost + Isolation Forest (sandbox unavailable)
2026-08-29T10:27:53,npmjjkphdlmbeidbdbfefgedondknlaf,date,N/A,8/29/2026,Medium,XGBoost + Isolation Forest (sandbox unavailable)
2026-08-29T10:27:53,npmjjkphdlmbeidbdbfefgedondknlaf,reason,Not yet confirmed,Policy Violation,Medium,XGBoost + Isolation Forest (sandbox unavailable)
2026-08-29T10:27:59,obdhcplpbliifflekgclobogbdliddjd,extension_name,Not Found,Paint Tool by Painty,Low,XGBoost + Isolation Forest (sandbox unavailable)
2026-08-29T10:27:59,obdhcplpbliifflekgclobogbdliddjd,version,Not Confirmed,1.11.1,Low,XGBoost + Isolation Forest (sandbox unavailable)
2026-08-29T10:27:59,obdhcplpbliifflekgclobogbdliddjd,store,Not Confirmed,Chrome,Low,XGBoost + Isolation Forest (sandbox unavailable)
2026-08-29T10:27:59,obdhcplpbliifflekgclobogbdliddjd,sha256,Not Found,5a1f87d12047cd987c26cff589c6dc7448c350b75e0586d5993c3d7f08d6099b,Low,XGBoost + Isolation Forest (sandbox unavailable)
2026-08-29T10:27:59,obdhcplpbliifflekgclobogbdliddjd,date,N/A,8/29/2026,Low,XGBoost + Isolation Forest (sandbox unavailable)
2026-08-29T10:27:59,obdhcplpbliifflekgclobogbdliddjd,reason,Not yet confirmed,In store but Suspicious,Low,XGBoost + Isolation Forest (sandbox unavailable)
2026-08-29T10:28:02,oknpgmaeedlbdichgaghebhiknmghffa,version,Not Confirmed,1.4.6,Low,declared capability only (archived manifest — extension delisted)
2026-08-29T10:28:02,oknpgmaeedlbdichgaghebhiknmghffa,store,Not Confirmed,Chrome,Low,declared capability only (archived manifest — extension delisted)
2026-08-29T10:28:02,oknpgmaeedlbdichgaghebhiknmghffa,date,N/A,8/29/2026,Low,declared capability only (archived manifest — extension delisted)
2026-08-29T10:28:02,oknpgmaeedlbdichgaghebhiknmghffa,reason,Not yet confirmed,Policy Violation,Low,declared capability only (archived manifest — extension delisted)
2026-08-29T10:28:05,olkpikmlhoaojbbmmpejnimiglejmboe,version,Not Confirmed,5.6.7,Low,declared capability only (archived manifest — extension delisted)
2026-08-29T10:28:05,olkpikmlhoaojbbmmpejnimiglejmboe,store,Not Confirmed,Chrome,Low,declared capability only (archived manifest — extension delisted)
2026-08-29T10:28:05,olkpikmlhoaojbbmmpejnimiglejmboe,date,N/A,8/29/2026,Low,declared capability only (archived manifest — extension delisted)
2026-08-29T10:28:05,olkpikmlhoaojbbmmpejnimiglejmboe,reason,Not yet confirmed,Policy Violation,Low,declared capability only (archived manifest — extension delisted)
2026-08-29T10:28:08,ofpnikijgfhlmmjlpkfaifhhdonchhoi,extension_name,Not Found,Accept all cookies,Low,XGBoost + Isolation Forest (sandbox unavailable)
2026-08-29T10:28:08,ofpnikijgfhlmmjlpkfaifhhdonchhoi,version,Not Confirmed,1.0.4,Low,XGBoost + Isolation Forest (sandbox unavailable)
2026-08-29T10:28:08,ofpnikijgfhlmmjlpkfaifhhdonchhoi,store,Not Confirmed,Chrome,Low,XGBoost + Isolation Forest (sandbox unavailable)
2026-08-29T10:28:08,ofpnikijgfhlmmjlpkfaifhhdonchhoi,sha256,Not Found,0148189055e9efe1a22eaad559be48394313fc81ea60275ab7bad3da63333b40,Low,XGBoost + Isolation Forest (sandbox unavailable)
2026-08-29T10:28:08,ofpnikijgfhlmmjlpkfaifhhdonchhoi,date,N/A,8/29/2026,Low,XGBoost + Isolation Forest (sandbox unavailable)
2026-08-29T10:28:08,ofpnikijgfhlmmjlpkfaifhhdonchhoi,reason,Not yet confirmed,In store but Suspicious,Low,XGBoost + Isolation Forest (sandbox unavailable)
2026-08-29T10:28:11,ocginjipilabheemhfbedijlhajbcabh,extension_name,Not Found,Night Shift,Medium,XGBoost + Isolation Forest (sandbox unavailable)
2026-08-29T10:28:11,ocginjipilabheemhfbedijlhajbcabh,version,Not Confirmed,1.1.10,Medium,XGBoost + Isolation Forest (sandbox unavailable)
2026-08-29T10:28:11,ocginjipilabheemhfbedijlhajbcabh,store,Not Confirmed,Chrome,Medium,XGBoost + Isolation Forest (sandbox unavailable)
2026-08-29T10:28:11,ocginjipilabheemhfbedijlhajbcabh,sha256,Not Found,e403d3c1793315c71728b2ac65e636311be903b96d9df44616e5fd38402a7a00,Medium,XGBoost + Isolation Forest (sandbox unavailable)
2026-08-29T10:28:11,ocginjipilabheemhfbedijlhajbcabh,date,N/A,8/29/2026,Medium,XGBoost + Isolation Forest (sandbox unavailable)
2026-08-29T10:28:11,ocginjipilabheemhfbedijlhajbcabh,reason,Not yet confirmed,Policy Violation,Medium,XGBoost + Isolation Forest (sandbox unavailable)
2026-08-29T10:28:15,npdkkcjlmhcnnaoobfdjndibfkkhhdfn,extension_name,Not Found,Read Aloud TTS: Text to Speech AI Voice Generator,Medium,XGBoost + Isolation Forest (sandbox unavailable)
2026-08-29T10:28:15,npdkkcjlmhcnnaoobfdjndibfkkhhdfn,version,Not Confirmed,2.1.5,Medium,XGBoost + Isolation Forest (sandbox unavailable)
2026-08-29T10:28:15,npdkkcjlmhcnnaoobfdjndibfkkhhdfn,store,Not Confirmed,Chrome,Medium,XGBoost + Isolation Forest (sandbox unavailable)
2026-08-29T10:28:15,npdkkcjlmhcnnaoobfdjndibfkkhhdfn,sha256,Not Found,bff0d343c11050701358efe0778172245e1eb925b8f27e0b5263e935fdb7218d,Medium,XGBoost + Isolation Forest (sandbox unavailable)
2026-08-29T10:28:15,npdkkcjlmhcnnaoobfdjndibfkkhhdfn,date,N/A,8/29/2026,Medium,XGBoost + Isolation Forest (sandbox unavailable)
2026-08-29T10:28:15,npdkkcjlmhcnnaoobfdjndibfkkhhdfn,reason,Not yet confirmed,Malware,Medium,XGBoost + Isolation Forest (sandbox unavailable)
2026-08-29T10:28:35,pfnmibjifkhhblmdmaocfohebdpfppkf,version,Not Confirmed,4.0.1,Low,declared capability only (archived manifest — extension delisted)
2026-08-29T10:28:35,pfnmibjifkhhblmdmaocfohebdpfppkf,store,Not Confirmed,Chrome,Low,declared capability only (archived manifest — extension delisted)
2026-08-29T10:28:35,pfnmibjifkhhblmdmaocfohebdpfppkf,date,N/A,8/29/2026,Low,declared capability only (archived manifest — extension delisted)
2026-08-29T10:28:35,pfnmibjifkhhblmdmaocfohebdpfppkf,reason,Not yet confirmed,Policy Violation,Low,declared capability only (archived manifest — extension delisted)
2026-08-29T10:29:00,okkffdhbfplmbjblhgapnchjinanmnij,extension_name,Not Found,Screenshot - Webpage Screen Capture,Low,XGBoost + Isolation Forest (sandbox unavailable)
2026-08-29T10:29:00,okkffdhbfplmbjblhgapnchjinanmnij,version,Not Confirmed,1.4.1,Low,XGBoost + Isolation Forest (sandbox unavailable)
2026-08-29T10:29:00,okkffdhbfplmbjblhgapnchjinanmnij,store,Not Confirmed,Chrome,Low,XGBoost + Isolation Forest (sandbox unavailable)
2026-08-29T10:29:00,okkffdhbfplmbjblhgapnchjinanmnij,sha256,Not Found,3a0c2c1644b28989051ed76401aabc487acbb7ce1e789602ceac314deab67ee7,Low,XGBoost + Isolation Forest (sandbox unavailable)
2026-08-29T10:29:00,okkffdhbfplmbjblhgapnchjinanmnij,date,N/A,8/29/2026,Low,XGBoost + Isolation Forest (sandbox unavailable)
2026-08-29T10:29:00,okkffdhbfplmbjblhgapnchjinanmnij,reason,Not yet confirmed,In store but Suspicious,Low,XGBoost + Isolation Forest (sandbox unavailable)
2026-08-29T10:29:15,pmlcjncilaaaemknfefmegedhcgelmee,extension_name,Not Found,Tetris Classic,Medium,XGBoost + Isolation Forest (sandbox unavailable)
2026-08-29T10:29:15,pmlcjncilaaaemknfefmegedhcgelmee,version,Not Confirmed,1.1.0,Medium,XGBoost + Isolation Forest (sandbox unavailable)
2026-08-29T10:29:15,pmlcjncilaaaemknfefmegedhcgelmee,store,Not Confirmed,Chrome,Medium,XGBoost + Isolation Forest (sandbox unavailable)
2026-08-29T10:29:15,pmlcjncilaaaemknfefmegedhcgelmee,sha256,Not Found,2a7ffd8a848d3e124d270dba6a93b96b889698696326e0e8c71774a53e5ab905,Medium,XGBoost + Isolation Forest (sandbox unavailable)
2026-08-29T10:29:15,pmlcjncilaaaemknfefmegedhcgelmee,date,N/A,8/29/2026,Medium,XGBoost + Isolation Forest (sandbox unavailable)
2026-08-29T10:29:15,pmlcjncilaaaemknfefmegedhcgelmee,reason,Not yet confirmed,Malware,Medium,XGBoost + Isolation Forest (sandbox unavailable)
2026-08-29T10:29:16,plmlopfeeobajiecodiggabcihohcnge,extension_name,Not Found,Sound Booster - Boost My Bass,Medium,XGBoost + Isolation Forest (sandbox unavailable)
2026-08-29T10:29:16,plmlopfeeobajiecodiggabcihohcnge,version,Not Confirmed,3.3.9,Medium,XGBoost + Isolation Forest (sandbox unavailable)
2026-08-29T10:29:16,plmlopfeeobajiecodiggabcihohcnge,store,Not Confirmed,Chrome,Medium,XGBoost + Isolation Forest (sandbox unavailable)
2026-08-29T10:29:16,plmlopfeeobajiecodiggabcihohcnge,sha256,Not Found,febd62f73867e4b9c5d73aab1f92ae443c79cc7aca3a28b31aaa35a7c853e0da,Medium,XGBoost + Isolation Forest (sandbox unavailable)
2026-08-29T10:29:16,plmlopfeeobajiecodiggabcihohcnge,date,N/A,8/29/2026,Medium,XGBoost + Isolation Forest (sandbox unavailable)
2026-08-29T10:29:16,plmlopfeeobajiecodiggabcihohcnge,reason,Not yet confirmed,Malware,Medium,XGBoost + Isolation Forest (sandbox unavailable)
2026-08-29T10:29:17,pmilcmjbofinpnbnpanpdadijibcgifc,extension_name,Not Found,Sound Booster - Increase audio volume above maximum,Medium,XGBoost + Isolation Forest (sandbox unavailable)
2026-08-29T10:29:17,pmilcmjbofinpnbnpanpdadijibcgifc,version,Not Confirmed,2.0.0,Medium,XGBoost + Isolation Forest (sandbox unavailable)
2026-08-29T10:29:17,pmilcmjbofinpnbnpanpdadijibcgifc,store,Not Confirmed,Chrome,Medium,XGBoost + Isolation Forest (sandbox unavailable)
2026-08-29T10:29:17,pmilcmjbofinpnbnpanpdadijibcgifc,sha256,Not Found,128ea466fea249b2a083023083261b6326ed322eb888fdcf86f2155a7738ac2d,Medium,XGBoost + Isolation Forest (sandbox unavailable)
2026-08-29T10:29:17,pmilcmjbofinpnbnpanpdadijibcgifc,date,N/A,8/29/2026,Medium,XGBoost + Isolation Forest (sandbox unavailable)
2026-08-29T10:29:17,pmilcmjbofinpnbnpanpdadijibcgifc,reason,Not yet confirmed,Adware,Medium,XGBoost + Isolation Forest (sandbox unavailable)
2026-08-29T10:29:43,phfkifnjcmdcmljnnablahicoabkokbg,extension_name,Not Found,Custom Cursors for Chrome,Medium,XGBoost + Isolation Forest (sandbox unavailable)
2026-08-29T10:29:43,phfkifnjcmdcmljnnablahicoabkokbg,version,Not Confirmed,2.0.13,Medium,XGBoost + Isolation Forest (sandbox unavailable)
2026-08-29T10:29:43,phfkifnjcmdcmljnnablahicoabkokbg,store,Not Confirmed,Chrome,Medium,XGBoost + Isolation Forest (sandbox unavailable)
2026-08-29T10:29:43,phfkifnjcmdcmljnnablahicoabkokbg,sha256,Not Found,d4945c234fbc4b83ce28128fc702b6424cfa1ed59ba0f4df193d907a68810811,Medium,XGBoost + Isolation Forest (sandbox unavailable)
2026-08-29T10:29:43,phfkifnjcmdcmljnnablahicoabkokbg,date,N/A,8/29/2026,Medium,XGBoost + Isolation Forest (sandbox unavailable)
2026-08-29T10:29:43,phfkifnjcmdcmljnnablahicoabkokbg,reason,Not yet confirmed,Malware,Medium,XGBoost + Isolation Forest (sandbox unavailable)
2026-08-29T10:29:48,pnanegnllonoiklmmlegcaajoicfifcm,extension_name,Not Found,Floating Video with Playback Controls,Medium,XGBoost + Isolation Forest (sandbox unavailable)
2026-08-29T10:29:48,pnanegnllonoiklmmlegcaajoicfifcm,version,Not Confirmed,2.1,Medium,XGBoost + Isolation Forest (sandbox unavailable)
2026-08-29T10:29:48,pnanegnllonoiklmmlegcaajoicfifcm,store,Not Confirmed,Chrome,Medium,XGBoost + Isolation Forest (sandbox unavailable)
2026-08-29T10:29:48,pnanegnllonoiklmmlegcaajoicfifcm,sha256,Not Found,30a765fc437610f20cfa6013f159d441e37a112dc1b4099cf870df69c064eb7e,Medium,XGBoost + Isolation Forest (sandbox unavailable)
2026-08-29T10:29:48,pnanegnllonoiklmmlegcaajoicfifcm,date,N/A,8/29/2026,Medium,XGBoost + Isolation Forest (sandbox unavailable)
2026-08-29T10:29:48,pnanegnllonoiklmmlegcaajoicfifcm,reason,Not yet confirmed,Malware,Medium,XGBoost + Isolation Forest (sandbox unavailable)
2026-08-29T10:29:48,pjbgfifennfhnbkhoidkdchbflppjncb,extension_name,Not Found,Dark Mode - Dark Reader for hrome,Low,XGBoost + Isolation Forest (sandbox unavailable)
2026-08-29T10:29:48,pjbgfifennfhnbkhoidkdchbflppjncb,version,Not Confirmed,1.4.15,Low,XGBoost + Isolation Forest (sandbox unavailable)
2026-08-29T10:29:48,pjbgfifennfhnbkhoidkdchbflppjncb,store,Not Confirmed,Chrome,Low,XGBoost + Isolation Forest (sandbox unavailable)
2026-08-29T10:29:48,pjbgfifennfhnbkhoidkdchbflppjncb,sha256,Not Found,c7c949093c2ee9a1b368e0e4f67ab7dabd94d3766c322680aec9dda2eaaa4ff4,Low,XGBoost + Isolation Forest (sandbox unavailable)
2026-08-29T10:29:48,pjbgfifennfhnbkhoidkdchbflppjncb,date,N/A,8/29/2026,Low,XGBoost + Isolation Forest (sandbox unavailable)
2026-08-29T10:29:48,pjbgfifennfhnbkhoidkdchbflppjncb,reason,Not yet confirmed,In store but Suspicious,Low,XGBoost + Isolation Forest (sandbox unavailable)
2026-08-29T10:30:05,pooaemmkohlphkekccfajnbcokjlbehk,extension_name,Not Found,Cleaner - history & cache clean,Medium,XGBoost + Isolation Forest (sandbox unavailable)
2026-08-29T10:30:05,pooaemmkohlphkekccfajnbcokjlbehk,version,Not Confirmed,1.1.33,Medium,XGBoost + Isolation Forest (sandbox unavailable)
2026-08-29T10:30:05,pooaemmkohlphkekccfajnbcokjlbehk,store,Not Confirmed,Chrome,Medium,XGBoost + Isolation Forest (sandbox unavailable)
2026-08-29T10:30:05,pooaemmkohlphkekccfajnbcokjlbehk,sha256,Not Found,10ce0ef1546860c45d21caaa7571099ae8b8d1bc687a698b47e48c634f89ca0a,Medium,XGBoost + Isolation Forest (sandbox unavailable)
2026-08-29T10:30:05,pooaemmkohlphkekccfajnbcokjlbehk,date,N/A,8/29/2026,Medium,XGBoost + Isolation Forest (sandbox unavailable)
2026-08-29T10:30:05,pooaemmkohlphkekccfajnbcokjlbehk,reason,Not yet confirmed,Spyware,Medium,XGBoost + Isolation Forest (sandbox unavailable)
2026-08-29T10:31:24,pegfdldddiilihjahcpdehhhfcbibipg,extension_name,Not Found,Super Mario Bros Game,Low,XGBoost + Isolation Forest (sandbox unavailable)
2026-08-29T10:31:24,pegfdldddiilihjahcpdehhhfcbibipg,version,Not Confirmed,1.0.5,Low,XGBoost + Isolation Forest (sandbox unavailable)
2026-08-29T10:31:24,pegfdldddiilihjahcpdehhhfcbibipg,store,Not Confirmed,Chrome,Low,XGBoost + Isolation Forest (sandbox unavailable)
2026-08-29T10:31:24,pegfdldddiilihjahcpdehhhfcbibipg,sha256,Not Found,c02a9d5566711a8bd553cff10a1f9ea05e264a05f1d526cad82d5a688cad6a75,Low,XGBoost + Isolation Forest (sandbox unavailable)
2026-08-29T10:31:24,pegfdldddiilihjahcpdehhhfcbibipg,date,N/A,8/29/2026,Low,XGBoost + Isolation Forest (sandbox unavailable)
2026-08-29T10:31:24,pegfdldddiilihjahcpdehhhfcbibipg,reason,Not yet confirmed,In store but Suspicious,Low,XGBoost + Isolation Forest (sandbox unavailable)
2026-08-29T10:32:38,ojnagfkemdilpdkjehfajjmcnaefhjhn,extension_name,Not Found,Super Mario Bros Classic,Low,XGBoost + Isolation Forest (sandbox unavailable)
2026-08-29T10:32:38,ojnagfkemdilpdkjehfajjmcnaefhjhn,version,Not Confirmed,1.1.7,Low,XGBoost + Isolation Forest (sandbox unavailable)
2026-08-29T10:32:38,ojnagfkemdilpdkjehfajjmcnaefhjhn,store,Not Confirmed,Chrome,Low,XGBoost + Isolation Forest (sandbox unavailable)
2026-08-29T10:32:38,ojnagfkemdilpdkjehfajjmcnaefhjhn,sha256,Not Found,a90b3702f7998e7243a0dadff183dc646a28cc3ab97c8950fdb30e57cda47c2d,Low,XGBoost + Isolation Forest (sandbox unavailable)
2026-08-29T10:32:38,ojnagfkemdilpdkjehfajjmcnaefhjhn,date,N/A,8/29/2026,Low,XGBoost + Isolation Forest (sandbox unavailable)
2026-08-29T10:32:38,ojnagfkemdilpdkjehfajjmcnaefhjhn,reason,Not yet confirmed,In store but Suspicious,Low,XGBoost + Isolation Forest (sandbox unavailable)
