session_id,phase,label,request_count,iat_mean_ms,iat_cv,iat_bowley_skewness,iat_mad_ms,requests_per_hour,payload_size_mean,payload_size_std,http_post_ratio,url_path_entropy,request_burst_count
dr09rk5eagjuu87gedvdqmq3gl,1,0,184,1382.5137,0.644354,-1.0,0.0,2618.1818,831.1522,1587.6567,0.777174,4.109121,13
gq715ms79515gcq39vf91mli6t,1,0,309,730.5195,0.963645,-1.0,1000.0,4944.0,583.7832,478.0983,0.838188,4.032348,53
hrbko2t4t14q3pahqltndlolb5,1,0,222,1375.5656,0.641017,-1.0,0.0,2628.9474,651.9459,668.3008,0.801802,4.093331,19
nvmlnfhs5v6hehsd81e9mf75cn,1,0,199,1505.0505,0.683444,-1.0,0.0,2404.0268,685.2663,791.2467,0.80402,4.062384,12
brrlh9tmiodt2ekkjvn7kcsps0,1,0,166,1539.3939,0.532792,0.0,0.0,2352.7559,808.6386,2591.0612,0.837349,4.036626,10
s74076j0vtua7ct0fkej7ehmt8,1,0,193,1609.375,0.478166,0.0,0.0,2248.5437,597.4611,599.5995,0.870466,4.022828,10
9ucesp41db4848uq9h8of7fcgd,1,0,116,1286.9565,0.700751,-1.0,0.0,2821.6216,662.7414,609.3156,0.732759,4.112079,11
k5pg7u2907cb9nk61dd8i15fm2,1,0,257,710.9375,1.148286,1.0,0.0,5083.5165,598.7393,560.6892,0.836576,4.060593,41
ajpjcn74cv2ta0boepifbre3pe,1,0,173,1162.7907,0.801623,-1.0,0.0,3114.0,911.2717,1534.8663,0.734104,4.157555,20
8h83euesdq85f0shmjm34alpln,1,0,224,1457.3991,0.604958,-1.0,0.0,2481.2308,954.5714,3009.0459,0.8125,4.057554,15
p9rb949jj3aci28mne75opl41i,1,0,158,1337.5796,0.672694,-1.0,0.0,2708.5714,655.1266,638.997,0.778481,4.106758,16
hujnm9166tof0hmoeid55a996n,1,0,187,1580.6452,0.498087,0.0,0.0,2289.7959,624.1444,676.0747,0.855615,4.025204,11
t1eo5hqdtq21m7t0gulu2henl0,1,0,177,1329.5455,0.682424,-1.0,0.0,2723.0769,788.7119,1324.6786,0.762712,4.102393,17
ufaj0lbcmqa0l022l9jan5n87l,1,0,187,1301.0753,0.697405,-1.0,0.0,2781.8182,710.7219,790.9575,0.775401,4.085887,17
q7784rh4612si6454op6l8u8vq,1,0,227,1623.8938,0.465302,0.0,0.0,2226.703,616.0925,710.545,0.867841,4.009376,13
1r170g6lqfoff21od5nn9f976a,1,0,273,1647.0588,0.454042,0.0,0.0,2193.75,618.7839,735.2618,0.886447,4.006952,15
kpedbnklnbmle61jm27kmfnkoh,1,0,213,1566.0377,0.519052,0.0,0.0,2309.6386,654.6667,775.047,0.849765,4.032248,12
4mae49mh8va4g03vjatfn6np9b,1,0,182,1408.8398,0.628137,-1.0,0.0,2569.4118,626.0989,554.5938,0.802198,4.070418,15
v7qok0dv5ekcaoefquadgka6me,1,0,220,1369.863,0.667383,-1.0,0.0,2640.0,676.35,797.8247,0.777273,4.098411,18
0p0kaqfmftrtfg0u12rkshrdi9,1,0,157,1352.5641,0.668683,-1.0,0.0,2678.673,679.2229,758.211,0.77707,4.076262,16
eb755astnc2v6cch658lgfrhfh,1,0,219,1321.1009,0.690719,-1.0,0.0,2737.5,688.3425,781.0084,0.780822,4.079164,21
gh9s7753br49h4c8g669fucshp,1,0,188,1465.2406,0.583143,-1.0,0.0,2470.073,659.6064,744.4957,0.81383,4.044052,13
aqn61ppbjkhm8841j1ofqp0u0a,1,0,254,1501.9763,0.554121,-1.0,0.0,2406.3158,757.0827,1289.7947,0.822835,4.075007,18
7f2bg9n48opuf4ligvtc1dsopr,1,0,228,1471.3656,0.575147,-1.0,0.0,2457.485,672.6623,814.8466,0.820175,4.059236,16
cupcde8stlaqucrpahgnsiv0b2,1,0,271,1411.1111,0.627011,-1.0,0.0,2560.6299,656.941,759.1514,0.800738,4.071147,22
r0e98rtqr6192k5b8gl4ndlmha,1,0,141,1307.1429,0.707666,-1.0,0.0,2773.7705,664.8723,664.9115,0.758865,4.097831,15
b3avd2j0387kff1fs4hseklo4t,1,0,303,1539.7351,0.532505,0.0,0.0,2345.8065,708.3828,1152.5006,0.851485,4.050452,20
49rbuft0lmtfjd3qn70np3lk51,1,0,286,1540.3509,0.531167,-1.0,0.0,2345.3303,612.8287,621.4955,0.856643,4.043115,19
26v7bi8e0oc7p58e3s9v8eic9f,1,0,317,1566.4557,0.507368,0.0,0.0,2305.4545,593.9937,565.9947,0.861199,4.015656,19
coom33f4pfor5m2sifo3jphip8,1,0,365,1596.1538,0.493262,0.0,0.0,2261.6179,673.8055,1784.4911,0.854795,4.024703,18
ml4tnn1lkctli3fofonrj629qm,1,0,266,1611.3208,0.474584,0.0,0.0,2242.623,616.515,686.7756,0.864662,4.010285,14
9ps9ql7hbv7pcbs8mjr50e0rt8,1,0,232,1588.7446,0.50028,0.0,0.0,2275.7493,651.9784,919.5474,0.857759,4.024631,16
75ufmqjcbcd722b8qt9sdvphdi,1,0,258,1470.8171,0.581553,-1.0,0.0,2457.1429,705.5271,1027.099,0.829457,4.065026,19
7el564n2rvpqj7hl5gn3b8uk8j,1,0,210,1363.6364,0.658192,-1.0,0.0,2652.6316,633.1238,636.3327,0.790476,4.092618,21
rfvugmk87jtlaiilouut5sdm32,1,0,284,1667.8445,0.428846,0.0,0.0,2166.1017,588.0845,584.2871,0.880282,3.99609,11
3uqepgd76f9ecnauehcl4sucbh,1,1,225,1290.1786,0.725283,-1.0,0.0,2802.7682,706.64,1034.9821,0.782222,4.108693,18
ck0vis16184tm6572eohin19d2,1,1,227,1632.7434,0.496497,0.0,0.0,2214.6341,590.9207,590.4676,0.881057,4.007823,13
pf7tnis955pq27n6sibk32d87k,1,1,204,1625.6158,0.591274,0.0,0.0,2225.4545,609.6373,572.6593,0.838235,4.047161,13
1ttvuqau08dh4t1cjg50pr2298,1,1,348,1706.0519,0.590371,0.0,0.0,2116.2162,575.2356,526.2006,0.887931,4.003552,20
bdnrcfsa6rd1fuorjjjmi0o20s,1,1,261,1634.6154,0.641948,0.0,0.0,2210.8235,664.4483,854.6998,0.831418,4.056546,19
k0371k7nj5dqmfg9fllmll59sn,1,1,100,1272.7273,0.826845,-1.0,1000.0,2857.1429,592.5,427.7045,0.79,4.101504,15
16r8lv9fabgjk06di8usnmu9ni,1,1,273,1584.5588,0.56764,0.0,0.0,2280.2784,586.022,474.3024,0.831502,4.05323,20
7428dqv0aoerlt7uj52th5qac2,1,1,159,1626.5823,0.55544,0.0,0.0,2227.2374,611.8553,596.8813,0.842767,4.036815,10
8srapvmong540puc7nb8gttr9s,1,1,263,1610.687,0.61165,-1.0,0.0,2243.6019,585.4487,485.4867,0.828897,4.059544,20
qqvn22bkui88d086v1pnp37cus,1,1,230,1576.4192,0.549622,0.0,0.0,2293.6288,622.2087,613.6278,0.847826,4.036508,15
bhgacl77180d93ov5a5fbbau9v,1,1,260,1559.8456,0.540092,-1.0,0.0,2316.8317,615.3923,607.0495,0.823077,4.042978,15
7fk29hdm43m3g5jcsn40ilqq72,1,1,172,1216.3743,0.782695,-1.0,0.0,2976.9231,606.564,441.5084,0.738372,4.098424,14
aj9b410e48gia1a4u0s5e0on3v,1,1,145,1118.0556,0.872378,-1.0,0.0,3242.236,662.8,642.192,0.744828,4.124182,14
v6g56j1moj87j95r7n37hjcjqa,1,1,318,1624.6057,0.496594,0.0,0.0,2222.9126,595.6572,568.7997,0.842767,4.030405,18
7gce60ae3b26e071uuothvl8ov,1,1,302,1634.5515,0.510766,0.0,0.0,2209.7561,617.4172,634.8334,0.857616,4.029371,20
tdm49rlqprtglqndl74j4cekj0,1,1,193,1583.3333,0.544425,-1.0,0.0,2285.5263,587.8083,531.2836,0.849741,4.032655,13
65jksu5rbgasntdo5kcspn140b,1,1,212,1521.327,0.580661,-1.0,0.0,2377.5701,584.033,480.1446,0.811321,4.050536,15
3ctnavj7r6jrdpq5q0n8s7s4l1,1,1,214,1615.0235,0.684666,-1.0,0.0,2239.5349,672.9206,723.8656,0.808411,4.068185,17
pmb5bepkpun1v95n8rveof9ee0,1,1,323,1645.9627,0.508581,0.0,0.0,2193.9623,620.9164,682.0714,0.866873,4.017878,19
pvkqfvdopap7c1e9hrdeakkq8u,1,1,187,1569.8925,0.555766,0.0,0.0,2305.4795,648.5294,859.8841,0.839572,4.058881,11
c4jthmvc4kk57hh14pugnmmj9j,1,1,322,1619.9377,0.49886,0.0,0.0,2229.2308,596.028,582.6368,0.86646,4.02377,18
trga4mrvjvogdgoi9vrqkmi92j,1,1,223,1603.6036,0.517891,0.0,0.0,2255.0562,615.8834,627.7915,0.852018,4.030374,14
m53jq0p03vjq9ggef5fqamii89,1,1,122,1429.7521,0.712743,-1.0,0.0,2538.7283,616.0984,439.1692,0.762295,4.107438,12
4j64bd6drdkbib7sfpaue62poi,1,1,304,1630.363,0.51619,0.0,0.0,2215.3846,657.2303,854.7397,0.848684,4.045875,21
9hdhd3r1imn0bdlevf1s4g2ks4,1,1,160,1509.434,0.676387,-1.0,0.0,2400.0,603.5938,479.699,0.78125,4.091713,15
uojjl06k7ee9lk3pc48ppaan0a,1,1,175,1678.1609,0.522886,0.0,0.0,2157.5342,606.7086,603.0823,0.845714,4.040526,11
as0na0kr8o0gfoe8do6a6cjsfi,1,1,220,1552.5114,0.606467,-1.0,0.0,2329.4118,672.8545,881.4538,0.818182,4.077819,17
ebnjc41jpisf779951hm4okh7p,1,1,130,1457.3643,0.667336,-1.0,0.0,2489.3617,592.8538,547.7257,0.853846,4.036167,13
m01ltdunc7d4tjuh0r8opr8c3k,1,1,215,1677.5701,0.455131,0.0,0.0,2155.9889,595.986,608.648,0.874419,4.019354,12
v3hbnujku5f0bm2mmbjqrr9rg8,1,1,329,1685.9756,0.495225,0.0,0.0,2141.7722,581.6839,543.5039,0.87538,4.021558,19
20054o9vd2q32sqnc3g6kj17om,1,1,268,1591.7603,0.516544,0.0,0.0,2270.1176,612.1007,599.1232,0.828358,4.034122,15
lu2vabqtd7mhjirluaij1a6qcg,1,1,180,1608.9385,0.54696,0.0,0.0,2250.0,584.3444,497.3458,0.85,4.041159,12
j09afvs25gdij4vebr11kt9gpr,1,1,156,1535.4839,0.550019,-1.0,0.0,2359.6639,597.7179,515.4261,0.833333,4.051894,10
mld2vskicvoo3bvkk0fnjtuv7u,1,1,211,1638.0952,0.495757,0.0,0.0,2208.1395,599.3791,573.4615,0.862559,4.022345,11
mk7jdh4qi5dkquenuvef8qk855,1,1,247,1569.1057,0.514495,-1.0,0.0,2303.6269,633.3401,806.243,0.834008,4.035238,15
g2gh9qmk9krld14h5uojlg7g10,1,0,212,1592.4171,0.498474,-1.0,0.0,2271.4286,627.1368,682.473,0.863208,4.045697,12
kaodsjbnqm7umgfvao63d3rihb,1,0,298,1629.6296,0.463243,0.0,0.0,2216.5289,682.2517,1084.711,0.879195,4.031712,15
1aqgqrcuurlmvvbbpirvsh7e53,1,0,206,1517.0732,0.54704,-1.0,0.0,2384.5659,623.5874,655.4206,0.84466,4.053682,14
igbeqcjnbst8afmoi4sg6tn669,1,0,188,1438.5027,0.601588,-1.0,0.0,2515.9851,961.5904,3321.0337,0.792553,4.061008,13
vopb1c4o3o2dpsov8jinbbou5h,1,0,348,1576.3689,0.51051,0.0,0.0,2290.3108,629.158,728.3354,0.850575,4.01883,18
mlrcehe439iiene6e485tni66i,1,0,204,1418.7192,0.63626,-1.0,0.0,2550.0,844.0049,1420.6527,0.794118,4.095419,18
ss0e28413uif2hd88q186t7tj8,1,0,284,1558.3039,0.522743,0.0,0.0,2318.3673,709.2993,1175.1464,0.838028,4.045149,16
i49goovgc8d214dbipv8o6504l,1,0,272,1538.7454,0.525722,-1.0,0.0,2348.2014,631.0625,715.0521,0.830882,4.047626,16
8ikvavmgf5jc51c5goirm6gd5i,1,0,186,1329.7297,0.688109,-1.0,0.0,2721.9512,831.328,1392.9163,0.77957,4.114766,18
euj4q1fvb0h7sgca0ngnkb88gs,1,0,150,1302.0134,0.710219,-1.0,0.0,2783.5052,713.8333,821.5499,0.76,4.085107,16
0oa2dua3mli7mrr32c0gd4o0i2,1,0,119,1372.8814,0.641738,-1.0,0.0,2644.4444,723.2269,883.4208,0.781513,4.06643,9
nkoa2dl20gbqn2vrse8rol2vr6,1,0,137,1352.9412,0.655787,-1.0,0.0,2680.4348,682.3869,735.0417,0.788321,4.100392,12
7jbhkuigmbeo5m7ei6h4eefrmk,1,0,143,1352.1127,0.66959,-1.0,0.0,2681.25,672.8392,740.9131,0.762238,4.100791,11
ognvhdn35j9b11cnclf6ej5gsj,1,0,206,1414.6341,0.631797,-1.0,0.0,2557.2414,821.0631,1421.8019,0.791262,4.106678,14
dpo8vpnhg6ca53pj9di78t9513,1,0,171,1547.0588,0.520246,-1.0,0.0,2340.6844,664.1228,830.9518,0.836257,4.027778,11
vtcjrbtjq57mnai4banl61pd25,1,1,371,1724.3243,0.520357,0.0,0.0,2093.4169,594.5418,618.0725,0.894879,3.997618,21
071tbv7fsev5d64kb0f9jieor6,1,1,401,1700.0,0.449913,0.0,0.0,2122.9412,605.3267,709.2106,0.885287,4.016521,20
6ntd0tthl2oaq1l21tho6bflst,1,1,221,1645.4545,0.553287,0.0,0.0,2197.7901,624.7964,645.1295,0.841629,4.0434,14
imgld2d8lq8ugjvfur481ofr2n,1,1,141,1292.8571,0.713093,-1.0,0.0,2804.4199,629.4255,572.2481,0.780142,4.097396,12
htodnmm7tjpihgeuqk64c0gjes,1,1,218,1456.2212,0.607513,-1.0,0.0,2483.5443,651.578,702.423,0.830275,4.067025,15
0i5kvpslrq3vb6u8ff2kuejv0v,1,1,283,1648.9362,0.495488,0.0,0.0,2190.9677,628.2473,784.2401,0.858657,4.039126,17
69pb8jcum0600139r70m1aqbrf,1,1,239,1605.042,0.505825,0.0,0.0,2252.356,613.2929,799.9852,0.891213,4.00664,17
656v65u3buefq447rk141pj08c,1,1,214,1633.8028,0.536149,0.0,0.0,2213.7931,614.1495,631.7418,0.85514,4.027582,12
q80o426gl01opbf2ve05c36c4u,1,1,225,1352.6786,0.668453,-1.0,0.0,2673.2673,636.0711,599.2986,0.777778,4.071858,16
j732r4nonn5d5q37e9u2g9hr11,1,1,203,1311.8812,0.714245,-1.0,0.0,2757.7358,669.7833,831.4061,0.738916,4.110329,18
1afcff96kgdbmevi5aemi5mkuj,1,1,261,1634.6154,0.515047,0.0,0.0,2210.8235,636.9195,824.2946,0.869732,4.03232,16
mc9vvj20cc427d1vhl9aah593q,1,1,265,1640.1515,0.537025,0.0,0.0,2203.2333,583.4943,545.2005,0.860377,4.031246,18
a511chc13vi6tde0dr4780cr9n,1,1,216,1613.9535,0.568432,0.0,0.0,2240.9222,662.0602,855.0713,0.833333,4.065597,16
iae9nd0n4lmdfntp4ib72dt4fh,1,1,201,1610.0,0.607903,-1.0,0.0,2247.205,598.1194,479.029,0.825871,4.070577,15
icjl2m9q6satjga38pfqqnmjl8,1,1,146,1406.8966,0.710767,-1.0,0.0,2576.4706,605.7671,501.998,0.787671,4.085014,16
7onurvslijk8fm97iohvhcoq52,1,1,118,777.7778,1.213477,1.0,0.0,4668.1319,803.2797,838.8906,0.627119,4.195751,16
dplgo3sid3ccoh1p28kt7oal82,1,1,54,471.6981,1.626776,1.0,0.0,7776.0,840.5926,791.1426,0.518519,4.268599,7
t8f9bu34vogoj5kisdk61hp83n,1,1,87,593.0233,1.46325,1.0,0.0,6141.1765,828.4023,832.2096,0.563218,4.228361,14
lbpk1okd4btot9vqfjpsv2vl9n,1,1,82,839.5062,1.14555,1.0,0.0,4341.1765,853.7073,913.2178,0.609756,4.197439,11
heooocaj90nj4usab96vr0t8bo,1,1,128,897.6378,1.063178,1.0,0.0,4042.1053,782.9141,822.4418,0.617188,4.157457,16
fsjvbae9a6rr1ka25ldsvbdtuu,1,1,143,1352.1127,0.686631,-1.0,0.0,2681.25,771.6783,1207.2111,0.706294,4.139102,13
tgjeh5ae9h3v4vmds3oemkq48n,1,1,128,1425.1969,0.650152,-1.0,0.0,2545.8564,672.9531,704.7043,0.789062,4.078005,12
v23rfeffhu8tnkj029mv5angtg,1,1,114,1398.2301,0.770282,-1.0,0.0,2597.4684,730.8684,799.117,0.72807,4.108144,11
rdrkop6n2o5qgtbpm4o4as05mu,1,1,82,1185.1852,0.929129,-1.0,1000.0,3075.0,764.4268,783.526,0.658537,4.16376,9
s22ulplav9a7svordh7cc4olt7,1,1,169,1285.7143,0.715783,-1.0,0.0,2816.6667,697.0828,698.7766,0.692308,4.118271,17
qe370ks533bvqh8n9ra33968bn,1,1,155,1272.7273,0.927393,-1.0,0.0,2846.9388,771.7032,1008.0892,0.677419,4.14735,15
tr5fbeta11pirki760fvndcfmb,1,1,152,1397.351,0.723087,-1.0,0.0,2593.3649,713.7632,735.5838,0.736842,4.122641,16
b29vltsdmop45jv4bjp64gc73o,1,1,151,1393.3333,0.64138,-1.0,0.0,2600.9569,653.1258,635.3359,0.754967,4.093617,14
smjle8311adgengdcgqfh70ua0,1,1,121,1375.0,0.727651,-1.0,0.0,2640.0,737.314,1025.9343,0.719008,4.125107,13
aukl3llmaggljgm2dv21pgl802,1,1,231,1373.913,0.688566,-1.0,0.0,2631.6456,682.6883,839.1772,0.731602,4.101208,19
sq6gghu3613fgq6t6h9bcr80ie,1,1,137,1433.8235,0.726089,-1.0,0.0,2529.2308,666.7299,643.7355,0.751825,4.112748,14
l281lufhl0p948rr5o7mq7rhoi,1,1,101,1180.0,0.824955,-0.5,500.0,3081.3559,751.2574,790.3647,0.663366,4.137589,12
7viehtkjnmi6q1dque68cpudao,1,1,151,1460.0,0.640719,-1.0,0.0,2482.1918,623.0,496.649,0.754967,4.09059,12
m1e1mgb7hbmqovglk2rp4f7en9,1,1,128,1275.5906,0.740638,-1.0,0.0,2844.4444,726.2422,966.3658,0.703125,4.136394,12
ntq39vmdijl66047lvvr8qeuh8,1,1,106,1171.4286,0.811625,-1.0,0.0,3102.439,697.5472,661.3431,0.679245,4.132384,11
h9gaeo351pqnmpu055ot9s5mtd,1,1,93,1021.7391,0.978492,0.0,1000.0,3561.7021,803.6129,845.9007,0.634409,4.16116,10
f9gd6pgmkcgvpb3lfnmr1rp86k,1,1,117,758.6207,1.231474,1.0,0.0,4786.3636,859.4103,910.2301,0.555556,4.1998,15
1u41k0lehrsbt97q0pe4knpa6c,1,1,85,511.9048,1.609027,1.0,0.0,7116.2791,971.4588,1052.8827,0.517647,4.258373,10
f76c77gidobkhj3onqhf4s3n4d,1,1,65,515.625,1.607775,1.0,0.0,7090.9091,822.2308,811.1626,0.538462,4.248388,8
0ogg5l1i4nh37ek8mjpn8q9fc0,1,1,49,520.8333,1.567163,1.0,0.0,7056.0,924.2041,973.187,0.510204,4.259089,8
9cuovso04bhmsmeovv59e513qh,1,1,130,860.4651,1.118497,1.0,0.0,4216.2162,1016.0308,2807.1933,0.592308,4.176014,14
sd8qtd5qblkhbiq3el51h7p58q,1,1,152,1231.7881,0.77296,-1.0,0.0,2941.9355,708.1711,702.6286,0.697368,4.124321,15
0pcr6mashfodserb90cq3p04uf,1,1,194,1450.7772,0.62717,-1.0,0.0,2494.2857,639.2887,621.345,0.768041,4.080908,16
3qfgfasvf42im2b2pba7hlhvdq,1,1,130,1379.845,0.658143,-1.0,0.0,2629.2135,616.0846,509.2549,0.761538,4.085879,10
eoj0v25cg7p78ojpr26s9tea94,1,1,166,1309.0909,0.782722,-1.0,0.0,2766.6667,738.1145,779.428,0.716867,4.127267,18
os9be9s5er1ud8569gm26htp0j,1,1,125,1274.1935,0.767782,-1.0,0.0,2848.1013,773.96,858.4343,0.68,4.124123,12
uk2rt8k37hf4v8sogabdk01tua,1,1,168,1407.1856,0.669696,-1.0,0.0,2573.617,725.0179,974.3577,0.738095,4.098514,14
vllcsfvm4m4b6559eckqpg3mvq,1,1,174,1416.185,0.621535,-1.0,0.0,2556.7347,644.8621,829.8184,0.781609,4.082645,13
tes9ba915l9f7e3i12vdgj7bte,1,1,151,1393.3333,0.652001,-1.0,0.0,2600.9569,717.0927,983.4202,0.748344,4.100463,13
77ac9gmq9m61tv68pqdpg1holt,1,1,128,1322.8346,0.798684,-1.0,0.0,2742.8571,774.5859,1066.0661,0.710938,4.142217,14
jfmilo33fin84baeh3k6bcnh3v,1,1,148,1231.2925,0.764151,-1.0,0.0,2943.6464,721.0608,737.1002,0.689189,4.126522,16
6gftqgk6qqkipsecbrvk0mtr5h,1,1,135,1320.8955,0.972687,-1.0,0.0,2745.7627,721.7704,791.7977,0.725926,4.113514,16
84q2klr0foifmc69684fjvafqa,1,1,162,1254.6584,0.795937,-1.0,0.0,2887.1287,679.5988,636.4782,0.709877,4.121585,17
scep2a1a2l1tjoc5dqlche5mqq,1,1,93,1315.2174,0.930734,-1.0,1000.0,2766.9421,752.4194,761.9929,0.655914,4.16622,11
qg5jilensjo45f7koo4cvrouqn,1,1,154,1065.3595,0.951889,0.0,1000.0,3401.227,826.461,1071.0828,0.636364,4.166594,17
kd4h7t2e50hpl0uv1pdbcsoe4n,1,1,142,1390.0709,0.684206,-1.0,0.0,2608.1633,665.8873,661.9986,0.746479,4.107346,13
sjr20ddno9sftolk2ofmqoskmf,1,1,181,1488.8889,0.606914,-1.0,0.0,2431.3433,629.326,603.1339,0.80663,4.071653,13
5hv5h86d5hnph965gtsjskmtu0,1,1,111,1363.6364,0.661312,-1.0,0.0,2664.0,698.7027,676.9048,0.693694,4.125519,10
2s8fa1s8oe1rqsf0ddm7m9q7da,1,1,179,1308.9888,0.728818,-1.0,0.0,2765.6652,715.1732,803.7883,0.776536,4.103981,17
qb9nte3m02m5iennt4e7mg7caf,1,1,205,1382.3529,0.664589,-1.0,0.0,2617.0213,687.8732,865.4039,0.741463,4.096844,18
0ht0u328t4mkgi01sp7mm07e01,1,1,109,1314.8148,0.729273,-1.0,0.0,2763.3803,708.5505,729.6026,0.743119,4.11678,11
r4qbc8d0f23m1oi2jeplnl7k3q,1,1,93,1119.5652,0.862003,-1.0,0.0,3250.4854,776.3763,862.5732,0.677419,4.146512,10
dne20ji4gjh7i5k19nueps0biu,1,1,134,766.9173,1.237393,1.0,0.0,4729.4118,819.2985,840.1558,0.567164,4.193188,16
u89p7qigo3rvvgm0vgs06hk8sc,1,1,84,638.5542,1.366069,1.0,0.0,5705.6604,844.5714,824.0422,0.547619,4.211051,11
0sejj3er3n0v1sfjv2jbnhaav4,1,1,97,927.0833,1.035599,0.5,500.0,3923.5955,692.299,551.2709,0.649485,4.158545,12
koftcfkosigp4f2ibgfi0dm0co,2,0,4193,384.0649,1.266383,1.0,0.0,9375.6522,433.0351,166.447,0.991414,3.900445,537
89vshcu5jgp79ebb68f7jjkqc5,2,0,4433,335.9657,1.411555,1.0,0.0,10717.7972,426.9143,124.9551,0.994586,3.896439,494
cmtn6a23es1vk1v038j2pd0cqa,2,0,5705,1249.6494,55.026312,1.0,0.0,2881.3131,438.525,192.7413,0.98773,3.910013,637
8is1s1cv7tu0c13vcqka04ck8m,2,0,7777,702.4177,53.289126,1.0,0.0,5125.8147,430.4017,372.1423,0.995371,3.893104,720
ad9scp2lb57iibuqakamfu5hjg,2,0,2501,4900.0,39.873699,0.0,0.0,734.9878,430.3762,150.1985,0.992003,3.897703,823
7a9emfkn0ri8ntg4k0uotsi07v,2,0,2652,22237.269,49.536217,0.0,0.0,161.9515,444.2357,284.3313,0.987179,3.906307,739
oq11t11ns4t2gj9cdnl10da80s,2,0,3963,4096.416,48.414429,0.0,0.0,879.0388,432.2682,167.1492,0.991925,3.896675,1222
gt6ccjle54o9oqntbbt3vci5pa,2,0,1196,962.3431,0.260855,0.0,0.0,3744.0,451.7007,221.6525,0.978261,3.915226,378
q9ebqjoa4ni6shhp702u8eg2v2,2,0,1240,5422.9217,28.296688,0.0,0.0,664.3846,452.7056,255.7114,0.971774,3.919181,387
p7g6ccuqqfum0pbfk5q82nhnam,2,0,1568,960.434,0.26765,0.0,0.0,3750.6977,470.162,328.6787,0.970026,3.934224,498
j8e0t5t4nnr92fupp8rh18ihkq,2,0,1415,969.5898,0.324171,0.0,0.0,3715.5361,450.5378,247.9379,0.983039,3.911973,444
fhob1hm9t3bm6ea9fm9fppec77,2,0,2494,2449.2579,29.996365,0.0,0.0,1470.4225,448.8079,242.1381,0.981556,3.919629,810
m1rt858554qvald7e7pmrm1d8b,2,0,3589,1667.5028,36.241803,-1.0,0.0,2159.5186,446.2901,270.8366,0.985511,3.911435,787
4m80gpjmc7m39n63ksnr40i6fo,2,0,1048,1010.5062,0.916937,0.0,0.0,3565.9735,461.4237,404.7622,0.979008,3.915788,336
2ing4ldnnd40og2ej20qnsesbb,2,0,1684,767.6768,0.580441,0.0,0.0,4692.2601,454.3236,289.9064,0.976841,3.919612,424
sfhla3ba8au3uncr3k687c8e55,2,0,1808,4405.6447,24.499021,0.0,0.0,817.5857,489.7279,387.6334,0.959624,3.951845,557
p5keafiscisucgq2tut00s0s7l,2,0,912,974.753,0.181198,0.0,0.0,3697.2973,441.9759,206.7261,0.98136,3.914547,295
03jt2p4bdru20sjb9me2gco6j4,2,0,897,984.375,0.191325,0.0,0.0,3661.2245,443.7347,261.4991,0.989967,3.898057,293
i6io829o6v8o8r5bo6tgoc903p,2,0,3263,2129.675,35.036137,0.0,0.0,1690.9169,428.6065,136.6254,0.992032,3.898485,882
36rja5utab0pakj5136bi7rkop,2,0,2189,2632.0841,30.69624,0.0,0.0,1368.3626,454.3636,268.76,0.977159,3.918272,638
1hv0rajig2vijia10tvjvhq12e,2,0,795,12119.6474,25.898304,0.0,0.0,297.4124,459.6013,306.2905,0.973585,3.919572,228
3dlhqa29pdkpur5c0fh3a1gcga,2,0,960,939.5203,0.262865,0.0,0.0,3835.7381,491.925,375.0111,0.954167,3.950388,300
ibf972u5q4vlvvev54goetuber,2,0,992,914.2281,0.3291,0.0,0.0,3941.7219,536.9819,572.8264,0.94254,3.970868,301
n4sa8kulckaa6rohru1vnq336n,2,0,2240,987.0478,0.419907,0.0,0.0,3648.8688,435.7848,244.3132,0.992411,3.901716,722
d0fqf9div7sivpkmojq2vkl5rj,2,0,1388,980.5335,0.342548,0.0,0.0,3674.1176,443.7579,235.912,0.98415,3.910017,441
cqifhegb8rual6rgoa4kp17cgp,2,0,984,985.7579,0.204126,0.0,0.0,3655.7276,460.747,320.9662,0.980691,3.921401,319
1j8bfg4kkf15a9oj1igr147ol2,2,0,1816,1276.0331,11.357399,0.0,0.0,2822.7979,457.9774,335.7081,0.978524,3.920457,471
dathp4f9v59rcb8gv8qr01htqg,2,0,2608,360.5677,1.383844,1.0,0.0,9988.0851,437.6254,194.2192,0.98773,3.90504,311
h6kek9u7g8sjqhdu2jr9fg6s5h,2,0,2534,369.5223,1.312838,1.0,0.0,9746.1538,443.6113,267.9614,0.987372,3.916511,312
vofhhjsbkpj6kc9it95e76nu1a,2,0,4354,4702.2743,32.630423,0.0,0.0,765.7629,587.5324,882.0142,0.918695,3.985654,1259
f8mmn03rdoojfjb50ma70ii8pg,2,0,1195,1001.675,0.70296,0.0,0.0,3596.99,460.9096,319.9407,0.977406,3.918115,381
6rm870g54tcodidn4igk93cg9t,2,0,1296,996.9112,0.130707,0.0,0.0,3613.9427,452.848,876.6812,0.994599,3.895487,427
1mvlnshabcf3gbr9subps50a00,2,0,1135,973.545,0.213968,0.0,0.0,3701.087,458.4308,305.5106,0.977093,3.912368,361
d56qe8tlbmju1frcr1t6l1flja,2,0,1208,917.9785,0.333136,0.0,0.0,3924.9097,501.452,471.9684,0.959437,3.959358,363
ikchggsmhgkjur8n2t4f0c75uh,2,0,987,973.6308,0.220184,0.0,0.0,3701.25,457.1226,287.7989,0.975684,3.923364,316
ml6u6ltsq0vhdsiqcbqnpbkh5k,2,0,1564,991.0429,0.134751,0.0,0.0,3634.8612,428.9265,130.8472,0.993606,3.895534,515
dft8qvdauujqen81pdjev9po2o,2,0,1326,923.0189,0.320765,0.0,0.0,3903.1889,495.4751,465.9401,0.960784,3.947907,403
u6rj19l797n5lnvk6qlunbmp8a,2,0,1064,918.1562,0.340472,0.0,0.0,3924.5902,534.0517,1052.8632,0.958647,3.939448,320
2ojc0m4iu85a1fggs34ppevk2k,2,0,1467,1032.06,0.727965,0.0,0.0,3490.5486,434.0852,181.9852,0.989775,3.903191,461
7r2rm6dnna7k51md8e5m4ufpgs,2,0,588,952.2998,0.26244,0.0,0.0,3786.7621,483.7857,372.8478,0.964286,3.946488,185
5rr9dand0l9k30j3bb7jhskidi,2,0,2164,506.2413,0.987594,-1.0,0.0,7114.5205,451.5439,693.7204,0.989372,3.905206,365
76150kjid2p1e830ilbabbocir,2,0,2466,453.5497,1.101235,1.0,0.0,7940.6082,433.5661,177.2544,0.992701,3.90164,372
rh5fn2njcglhb2avkv30id017u,2,0,1107,938.5172,0.296806,0.0,0.0,3839.3064,464.121,359.8347,0.981933,3.90683,343
0uhr32hgcllradm0p6b15371gi,2,0,2447,433.7694,1.144429,1.0,0.0,8302.7333,439.4087,261.1348,0.988149,3.906371,354
0oi4fvkqd1acu5g08vep8eefqg,2,1,141,828.5714,0.477185,0.0,0.0,4375.8621,487.9645,572.4008,0.865248,4.020631,39
124nsuu4makfggp1h3ametehri,2,1,114,849.5575,0.420813,0.0,0.0,4275.0,466.1754,490.7165,0.859649,4.026141,32
094i85crhkpkhqpi3rl4athrn4,2,1,316,895.2381,0.364507,0.0,0.0,4034.0426,445.6772,662.7431,0.920886,3.993798,94
0jfeqj4kpolvb97o2s5ks7l0j4,2,1,624,943.8202,0.243975,0.0,0.0,3820.4082,394.1026,467.5412,0.959936,3.938475,197
1m7s5287lpll34gm0amdciqvb5,2,1,62,622.9508,0.777987,-1.0,0.0,5873.6842,694.7258,776.5939,0.709677,4.118444,13
7e7nf7k4fcjagt3nasaihu4scq,2,1,52,627.451,0.770552,-1.0,0.0,5850.0,734.5,865.8361,0.692308,4.137171,11
0ucre4qu5jiho5kbjq61hr495f,2,1,373,908.6022,0.327268,0.0,0.0,3972.7811,422.8365,483.7787,0.930295,3.964337,113
0vkricl80bt5v7n2s6bbhvlvk3,2,1,158,872.6115,0.40338,0.0,0.0,4151.8248,445.7785,456.2757,0.886076,4.016196,46
1onh1ot5pr6j6g739m8cp5dfj0,2,1,159,835.443,0.443813,0.0,0.0,4336.3636,491.2327,589.1521,0.874214,4.017975,45
27479tfiqfgi99u7r4vq0q33db,2,1,232,844.1558,0.429669,0.0,0.0,4283.0769,497.5,602.8057,0.883621,4.019549,65
1c1h9oumn2pa0pb04v8f6fn515,2,1,136,822.2222,0.464991,0.0,0.0,4410.8108,668.3897,2677.3797,0.860294,4.021645,38
1g4h4vh4d2uv360aoo55b086hd,2,1,426,910.5882,0.339437,0.0,0.0,3962.7907,502.1009,1618.5165,0.931925,3.977832,129
2vhdk7kkt7dtos2hn1fnlkf9ee,2,1,123,803.2787,0.519908,0.0,0.0,4518.3673,540.2033,645.3977,0.837398,4.052283,33
30jcp3kes0o21ej00145hji0gi,2,1,124,788.6179,0.517727,0.0,0.0,4602.0619,541.9113,631.6808,0.830645,4.051207,33
1gpqg899dn1eafk0j474koislc,2,1,304,910.8911,0.312772,0.0,0.0,3965.2174,412.7632,422.8458,0.927632,3.969432,93
1jtqu9bvu7bii5p6kcsbgqbqa3,2,1,482,939.7089,0.279795,0.0,0.0,3838.9381,405.6224,481.9926,0.952282,3.944688,151
37f112qml42d33pentjpilckno,2,1,168,850.2994,0.438886,0.0,0.0,4259.1549,495.0357,615.0639,0.880952,4.017189,48
3e1l4pk01sc0ailn31s1mk5482,2,1,163,851.8519,0.436951,0.0,0.0,4252.1739,459.7546,494.986,0.883436,4.009537,47
1nbs17btpqhl48dfu2nklqhffq,2,1,276,927.2727,0.280056,0.0,0.0,3896.4706,400.8152,453.0548,0.942029,3.950183,86
1sijirkrahu3j2dp0qmb78691l,2,1,476,922.1053,0.299043,0.0,0.0,3912.3288,400.7059,409.7816,0.943277,3.955005,146
3p8qp6np717jbhmhu8329s9nb6,2,1,126,824.0,0.46216,0.0,0.0,4403.8835,533.2143,650.4163,0.849206,4.030735,35
3r9cb69qg00fac5os9au9a745h,2,1,91,755.5556,0.602044,-1.0,0.0,4817.6471,611.5055,786.3583,0.802198,4.074141,23
2cod58pj6b57pun9fl0vhiqoia,2,1,294,904.4369,0.337646,0.0,0.0,3993.9623,416.6769,442.6292,0.92517,3.969222,89
2h80p3ff9jpfboaddjevmi55rs,2,1,287,877.6224,0.37342,0.0,0.0,4116.3347,441.4774,492.6945,0.912892,3.998596,84
49smdeovekeq8fgrnfejp533r3,2,1,103,813.7255,0.478451,0.0,0.0,4467.4699,513.835,626.9315,0.84466,4.046425,28
4fo576p1kf4i1frb6s4c07q3pp,2,1,157,807.6923,0.48795,0.0,0.0,4485.7143,716.7197,2548.5546,0.859873,4.021465,43
2j54lp7l4tosj8qtp2jaq0654a,2,1,436,924.1379,0.286513,0.0,0.0,3904.4776,477.1674,1553.2816,0.942661,3.954841,135
2k97re4f45gl0ktl40bav6lfqf,2,1,100,797.9798,0.503155,0.0,0.0,4556.962,462.63,408.3516,0.84,4.052118,27
4h1710vfqecf0h4r5ns5tkv72t,2,1,77,763.1579,0.557086,0.0,0.0,4779.3103,556.6234,622.1679,0.792208,4.073974,20
4siqhlcume2me7ialjagodfeaa,2,1,150,832.2148,0.49028,0.0,0.0,4354.8387,485.2133,569.3618,0.866667,4.016932,41
2l614ncb4kp7p6q9b0a5ln3ao6,2,1,312,903.537,0.326744,0.0,0.0,3997.153,418.3301,436.8175,0.923077,3.977841,94
36m3d3mt4dfs9shoptldptokbe,2,1,195,891.7526,0.36654,0.0,0.0,4057.8035,408.9692,369.6676,0.912821,3.982126,57
55vbvsikr2l9bfeklmh8cumi5k,2,1,107,754.717,0.570088,0.0,0.0,4815.0,571.0654,695.1302,0.803738,4.055934,27
5764gbg3t8mtql9553lu8kf2gi,2,1,200,829.1457,0.485076,0.0,0.0,4363.6364,508.585,592.3198,0.865,4.018783,55
7t04jne512skpddsh6v4p3k3th,2,1,456,920.8791,0.301831,0.0,0.0,3917.8998,411.1009,455.1707,0.940789,3.960237,140
8hj8u6nem85dat2rjgu8v7urhl,2,1,334,921.9219,0.291016,0.0,0.0,3916.6124,408.3503,458.1177,0.94012,3.954278,103
5ee4b4pb3sfijdhpp5hcdvlctl,2,1,124,813.0081,0.479583,0.0,0.0,4464.0,743.5726,2818.5605,0.83871,4.048955,34
5f7no8vabec3n4d414fgkvsql1,2,1,105,788.4615,0.51797,0.0,0.0,4609.7561,539.219,641.9314,0.828571,4.055758,28
8kvar6qgj9j0r4qj5fcpkr3os4,2,1,337,928.5714,0.289528,0.0,0.0,3888.4615,411.2344,484.2138,0.940653,3.967385,104
8u4qvgq4v27s61p19tufp3e89i,2,1,138,854.0146,0.413449,0.0,0.0,4246.1538,468.8188,551.6054,0.876812,3.999736,39
5n0umenmhi0prg00139sh2111v,2,1,88,701.1494,0.652863,-1.0,0.0,5193.4426,632.0795,751.0098,0.772727,4.091028,21
62fp2u5etekvin0lrlmmq7ras2,2,1,191,821.0526,0.483284,0.0,0.0,4407.6923,536.0942,675.3561,0.863874,4.022974,53
9dsc15b0dug768h29lutm2sklo,2,1,361,900.0,0.333333,0.0,0.0,4011.1111,425.9945,456.7561,0.925208,3.974366,109
9ppkomphkbu1dv8o483g64jqsv,2,1,164,871.1656,0.405037,0.0,0.0,4157.7465,440.7439,477.7802,0.896341,3.996828,48
7ijkbba54hddp8bflnqkq3ttkv,2,1,159,841.7722,0.433555,0.0,0.0,4303.7594,541.8868,760.8856,0.874214,3.996891,45
6g7u329js521monmac550kdf1k,2,1,177,812.5,0.497979,0.0,0.0,4455.9441,540.7797,649.5908,0.847458,4.035636,48
av66aadi59rs6j2njfq9ka2ab9,2,1,223,905.4054,0.339805,0.0,0.0,3994.0299,430.0224,489.0985,0.919283,3.976608,67
b6hfnt250mbc1h2qub8slvg0j4,2,1,319,921.3836,0.292103,0.0,0.0,3919.4539,417.0188,489.7569,0.937304,3.95681,98
6mihesnd25t81o8q64jlaod935,2,1,223,878.3784,0.402262,0.0,0.0,4116.9231,451.8027,495.8612,0.896861,3.996184,65
6ogn97v63ghf0kg1eidoro9533,2,1,168,820.3593,0.486594,0.0,0.0,4414.5985,559.8869,749.8076,0.857143,4.032232,46
b9k26s8r31dauqokj6svvbedc6,2,1,397,924.2424,0.296445,0.0,0.0,3904.918,405.136,425.4925,0.939547,3.959139,122
bbvicd8c0b0onlrtpspn8slmo3,2,1,285,894.3662,0.380161,0.0,0.0,4039.3701,534.0947,1884.8542,0.915789,3.992329,85
7jtk8r1ak181fhbf582hjhvbdq,2,1,151,793.3333,0.510396,0.0,0.0,4568.0672,527.9735,621.09,0.847682,4.045048,40
720ua9gtve32n6s1glmvebjltk,2,1,192,837.6963,0.44017,0.0,0.0,4320.0,464.7656,480.1294,0.875,4.030065,54
bdc60f7qbpi1sk4b33k13c7adi,2,1,175,890.8046,0.350115,0.0,0.0,4064.5161,432.5486,501.6605,0.908571,3.981717,52
bdsf9dba41deu2j4744onppg6k,2,1,363,911.6022,0.341928,0.0,0.0,3960.0,428.2837,498.8942,0.931129,3.961957,110
