raw_label,class,is_background_derived,unmapped_label,occurrence_count,scenarios_seen_in
flow=To-Background-UDP-CVUT-DNS-Server,0.0,True,,8118983,1;2;3;4;5;6;7;8;9;10;11;12;13
flow=Background-UDP-Established,0.0,True,,5614554,1;2;3;4;5;6;7;8;9;10;11;12;13
flow=Background-TCP-Established,0.0,True,,2265103,1;2;3;4;5;6;7;8;9;10;11;12;13
flow=Background-Established-cmpgw-CVUT,0.0,True,,861786,1;2;3;4;5;6;7;8;9;10;11;12;13
flow=Background-TCP-Attempt,0.0,True,,726378,1;2;3;4;5;6;7;8;9;10;11;12;13
flow=Background-UDP-Attempt,0.0,True,,660250,1;2;3;4;5;6;7;8;9;10;11;12;13
flow=Background,0.0,True,,452448,1;2;3;4;5;6;7;8;9;10;11;12;13
flow=To-Background-CVUT-Proxy,0.0,True,,151298,1;2;3;4;5;6;7;8;9;10;11;12;13
flow=Background-Attempt-cmpgw-CVUT,0.0,True,,120388,1;2;3;4;5;6;7;8;9;10;11;12;13
flow=From-Normal-V44-Stribrek,0.0,False,,108807,3
flow=To-Background-CVUT-WebServer,0.0,True,,51039,1;2;3;4;5;6;7;8;9;10;11;12;13
flow=From-Normal-V49-Stribrek,0.0,False,,48588,8
flow=Background-UDP-NTP-Established-1,0.0,True,,46262,1;2;3;4;5;6;7;8;9;10;11;12;13
flow=From-Normal-V54-Stribrek,0.0,False,,26846,13
flow=From-Normal-V42-Stribrek,0.0,False,,18438,1
flow=From-Normal-V49-Grill,0.0,False,,18164,8
flow=To-Background-MatLab-Server,0.0,True,,17178,1;2;3;4;5;6;7;8;9;10;11;12;13
flow=From-Normal-V50-Stribrek,0.0,False,,15806,9
flow=From-Normal-V45-Stribrek,0.0,False,,12133,4
flow=From-Normal-V45-Jist,0.0,False,,10482,4
flow=From-Normal-V51-Stribrek,0.0,False,,10216,10
flow=From-Normal-V50-Jist,0.0,False,,9419,9
flow=From-Normal-V43-Stribrek,0.0,False,,8960,2
flow=From-Normal-V42-Grill,0.0,False,,7654,1
flow=From-Background-CVUT-Proxy,0.0,True,,6399,1;2;3;4;5;6;7;8;9;10;11;12;13
flow=Background-google-webmail,0.0,True,,5872,1;2;3;4;5;6;7;8;9;10;11;12;13
flow=Background-google-pop,0.0,True,,5648,1;2;3;4;5;6;7;8;9;10;11;12;13
flow=From-Normal-V47-Stribrek,0.0,False,,5488,6
flow=From-Normal-V49-Jist,0.0,False,,5463,8
flow=From-Normal-V44-Grill,0.0,False,,4580,3
flow=From-Normal-V50-Grill,0.0,False,,4432,9
flow=From-Normal-V53-Stribrek,0.0,False,,4359,12
flow=Background-google-analytics3,0.0,True,,4272,1;2;3;4;5;6;7;8;9;10;11;12;13
flow=Background-google-analytics10,0.0,True,,4263,1;2;3;4;5;6;7;8;9;10;11;12;13
flow=Background-google-analytics5,0.0,True,,4252,1;2;3;4;5;6;7;8;9;10;11;12;13
flow=Background-google-analytics16,0.0,True,,4244,1;2;3;4;5;6;7;8;9;10;11;13
flow=Background-google-analytics7,0.0,True,,4166,1;2;3;4;5;6;7;8;9;10;11;12;13
flow=Background-google-analytics8,0.0,True,,4165,1;2;3;4;5;6;7;8;9;10;11;12;13
flow=Background-google-analytics6,0.0,True,,4074,1;2;3;4;5;6;7;8;9;10;11;12;13
flow=Background-google-analytics14,0.0,True,,4004,1;2;3;4;5;6;7;8;9;10;11;13
flow=Background-google-analytics13,0.0,True,,3930,1;2;3;4;5;6;7;8;9;10;11;13
flow=Background-google-analytics4,0.0,True,,3907,1;2;3;4;5;6;7;8;9;10;11;12;13
flow=Background-google-analytics11,0.0,True,,3889,1;2;3;4;5;6;7;8;9;10;11;12;13
flow=Background-google-analytics12,0.0,True,,3853,1;2;3;4;5;6;7;8;9;10;11;12;13
flow=Background-google-analytics2,0.0,True,,3823,1;2;3;4;5;6;7;8;9;10;11;12;13
flow=Background-google-analytics1,0.0,True,,3823,1;2;3;4;5;6;7;8;9;10;11;12;13
flow=Background-google-analytics9,0.0,True,,3809,1;2;3;4;5;6;7;8;9;10;11;12;13
flow=From-Normal-V42-Jist,0.0,False,,3808,1
flow=From-Normal-V51-Grill,0.0,False,,3728,10
flow=Background-google-analytics15,0.0,True,,3653,1;2;3;4;5;6;7;8;9;10;11;12;13
flow=From-Normal-V54-Grill,0.0,False,,3539,13
flow=Background-ajax.google,0.0,True,,3333,1;2;3;4;5;6;7;8;9;10;11;12;13
flow=From-Normal-V45-Grill,0.0,False,,2474,4
flow=From-Normal-V53-Jist,0.0,False,,2145,12
flow=From-Normal-V52-Grill,0.0,False,,2113,11
flow=From-Normal-V44-CVUT-WebServer,0.0,False,,1843,3
flow=To-Background-Grill,0.0,True,,1828,1;2;3;4;5;6;7;8;9;10;11;12;13
flow=From-Normal-V46-Stribrek,0.0,False,,1810,5
flow=From-Normal-V46-Grill,0.0,False,,1722,5
flow=Background-www.fel.cvut.cz,0.0,True,,1387,1;2;3;4;5;6;7;8;9;10;11;12;13
flow=From-Normal-V47-Grill,0.0,False,,1245,6
flow=From-Normal-V46-Jist,0.0,False,,1107,5
flow=From-Normal-V51-Jist,0.0,False,,1091,10
flow=From-Normal-V53-Grill,0.0,False,,1075,12
flow=From-Normal-V44-Jist,0.0,False,,967,3
flow=To-Background-Stribrek,0.0,True,,948,1;2;3;4;5;6;7;8;9;10;11;12;13
flow=From-Normal-V54-Jist,0.0,False,,948,13
flow=From-Normal-V48-Stribrek,0.0,False,,807,7
flow=From-Normal-V47-Jist,0.0,False,,682,6
flow=From-Normal-V51-UDP-CVUT-DNS-Server,0.0,False,,667,10
flow=From-Normal-V52-Stribrek,0.0,False,,581,11
flow=To-Normal-V44-UDP-NTP-server,0.0,False,,562,3
flow=From-Normal-V48-Grill,0.0,False,,520,7
flow=From-Normal-V54-CVUT-WebServer,0.0,False,,422,13
flow=From-Normal-V49-CVUT-WebServer,0.0,False,,359,8
flow=To-Background-Jist,0.0,True,,337,1;2;3;4;5;6;7;8;9;10;11;12;13
flow=From-Normal-V48-Jist,0.0,False,,292,7
flow=From-Normal-V42-CVUT-WebServer,0.0,False,,269,1
flow=To-Normal-V49-UDP-NTP-server,0.0,False,,182,8
flow=To-Normal-V54-UDP-NTP-server,0.0,False,,152,13
flow=To-Normal-V42-UDP-NTP-server,0.0,False,,120,1
flow=From-Normal-V50-UDP-CVUT-DNS-Server,0.0,False,,119,9
flow=From-Normal-V50-CVUT-WebServer,0.0,False,,111,9
flow=From-Normal-V51-CVUT-WebServer,0.0,False,,99,10
flow=From-Normal-V44-MatLab-Server,0.0,False,,92,3
flow=From-Normal-V45-CVUT-WebServer,0.0,False,,89,4
flow=From-Normal-V42-UDP-CVUT-DNS-Server,0.0,False,,83,1
flow=From-Normal-V43-CVUT-WebServer,0.0,False,,71,2
flow=To-Normal-V50-UDP-NTP-server,0.0,False,,68,9
flow=To-Normal-V45-UDP-NTP-server,0.0,False,,49,4
flow=From-Normal-V48-CVUT-WebServer,0.0,False,,49,7
flow=From-Normal-V49-UDP-CVUT-DNS-Server,0.0,False,,46,8
flow=To-Normal-V51-UDP-NTP-server,0.0,False,,37,10
flow=To-Normal-V43-UDP-NTP-server,0.0,False,,36,2
flow=From-Normal-V47-CVUT-WebServer,0.0,False,,34,6
flow=From-Normal-V53-CVUT-WebServer,0.0,False,,32,12
flow=From-Normal-V43-Grill,0.0,False,,25,2
flow=Normal-V45-HTTP-windowsupdate,0.0,False,,24,4
flow=From-Normal-V43-UDP-CVUT-DNS-Server,0.0,False,,23,2
flow=Background-CS-Host-CVUT,0.0,True,,22,1
flow=Normal-V44-HTTP-windowsupdate,0.0,False,,22,3
flow=To-Normal-V47-UDP-NTP-server,0.0,False,,22,6
flow=From-Normal-V47-UDP-CVUT-DNS-Server,0.0,False,,20,6
flow=From-Normal-V49-MatLab-Server,0.0,False,,19,8
flow=From-Normal-V54-MatLab-Server,0.0,False,,18,13
flow=From-Normal-V44-UDP-CVUT-DNS-Server,0.0,False,,14,3
flow=From-Normal-V46-CVUT-WebServer,0.0,False,,14,5
flow=From-Normal-V45-UDP-CVUT-DNS-Server,0.0,False,,13,4
flow=To-Normal-V53-UDP-NTP-server,0.0,False,,13,12
flow=To-Normal-V46-UDP-NTP-server,0.0,False,,11,5
flow=From-Normal-V52-Jist,0.0,False,,11,11
flow=Normal-V42-HTTP-windowsupdate,0.0,False,,9,1
flow=Normal-V46-HTTP-windowsupdate,0.0,False,,8,5
flow=To-Normal-V48-UDP-NTP-server,0.0,False,,8,7
flow=To-Normal-V52-UDP-NTP-server,0.0,False,,8,11
flow=Normal-V54-HTTP-windowsupdate,0.0,False,,8,13
flow=From-Normal-V42-MatLab-Server,0.0,False,,6,1
flow=From-Normal-V50-MatLab-Server,0.0,False,,6,9
flow=Normal-V50-HTTP-windowsupdate,0.0,False,,6,9
flow=From-Normal-V54-UDP-CVUT-DNS-Server,0.0,False,,6,13
flow=From-Normal-V46-UDP-CVUT-DNS-Server,0.0,False,,5,5
flow=Normal-V51-HTTP-windowsupdate,0.0,False,,5,10
flow=From-Normal-V45-MatLab-Server,0.0,False,,4,4
flow=From-Normal-V51-MatLab-Server,0.0,False,,4,10
flow=From-Normal-V43-MatLab-Server,0.0,False,,3,2
flow=From-Normal-V53-UDP-CVUT-DNS-Server,0.0,False,,3,12
flow=Normal-V43-HTTP-windowsupdate,0.0,False,,2,2
flow=From-Normal-V46-MatLab-Server,0.0,False,,2,5
flow=From-Normal-V47-MatLab-Server,0.0,False,,2,6
flow=From-Normal-V52-MatLab-Server,0.0,False,,2,11
flow=Normal-V47-HTTP-windowsupdate,0.0,False,,1,6
flow=From-Normal-V48-UDP-CVUT-DNS-Server,0.0,False,,1,7
flow=Normal-V49-HTTP-windowsupdate,0.0,False,,1,8
flow=From-Normal-V52-UDP-CVUT-DNS-Server,0.0,False,,1,11
flow=Normal-V52-HTTP-windowsupdate,0.0,False,,1,11
flow=From-Normal-V52-CVUT-WebServer,0.0,False,,1,11
flow=From-Normal-V53-MatLab-Server,0.0,False,,1,12
flow=From-Botnet-V44-TCP-Attempt,1.0,False,,26234,3
flow=From-Botnet-V42-UDP-DNS,1.0,False,,26140,1
flow=From-Botnet-V54-TCP-Attempt,1.0,False,,22463,13
flow=From-Botnet-V50-1-UDP-DNS,1.0,False,,15115,9
flow=From-Botnet-V51-2-ICMP,1.0,False,,14414,10;11
flow=From-Botnet-V51-1-ICMP,1.0,False,,13697,10;11;12
flow=From-Botnet-V50-7-UDP-DNS,1.0,False,,12588,9
flow=From-Botnet-V51-6-ICMP,1.0,False,,11836,10
flow=From-Botnet-V50-3-UDP-DNS,1.0,False,,11429,9
flow=From-Botnet-V51-7-ICMP,1.0,False,,11252,10
flow=From-Botnet-V51-5-ICMP,1.0,False,,11125,10
flow=From-Botnet-V51-9-ICMP,1.0,False,,11081,10
flow=From-Botnet-V50-2-UDP-DNS,1.0,False,,10961,9
flow=From-Botnet-V50-4-UDP-DNS,1.0,False,,10707,9
flow=From-Botnet-V51-8-ICMP,1.0,False,,10541,10
flow=From-Botnet-V50-5-UDP-DNS,1.0,False,,10412,9
flow=From-Botnet-V51-3-ICMP,1.0,False,,10363,10
flow=From-Botnet-V50-6-UDP-DNS,1.0,False,,10349,9
flow=From-Botnet-V51-4-ICMP,1.0,False,,9970,10
flow=From-Botnet-V50-9-UDP-DNS,1.0,False,,9965,9
flow=From-Botnet-V51-10-ICMP,1.0,False,,9857,10
flow=From-Botnet-V43-TCP-Attempt,1.0,False,,9759,2
flow=From-Botnet-V50-8-UDP-DNS,1.0,False,,9523,9
flow=From-Botnet-V42-TCP-Attempt-SPAM,1.0,False,,8105,1
flow=From-Botnet-V54-UDP-DNS,1.0,False,,7523,13
flow=From-Botnet-V50-10-UDP-DNS,1.0,False,,6656,9
flow=From-Botnet-V54-TCP-Attempt-SPAM,1.0,False,,6617,13
flow=From-Botnet-V43-TCP-Attempt-SPAM,1.0,False,,5477,2
flow=From-Botnet-V50-1-TCP-Attempt-SPAM,1.0,False,,4951,9
flow=From-Botnet-V49-TCP-Attempt,1.0,False,,4710,8
flow=From-Botnet-V50-2-TCP-Attempt-SPAM,1.0,False,,4654,9
flow=From-Botnet-V47-TCP-Attempt-SPAM,1.0,False,,4398,6
flow=From-Botnet-V50-10-TCP-Attempt-SPAM,1.0,False,,4288,9
flow=From-Botnet-V50-3-TCP-Attempt-SPAM,1.0,False,,4246,9
flow=From-Botnet-V50-4-TCP-Attempt-SPAM,1.0,False,,4153,9
flow=From-Botnet-V50-6-TCP-Attempt-SPAM,1.0,False,,4129,9
flow=From-Botnet-V50-5-TCP-Attempt-SPAM,1.0,False,,3964,9
flow=From-Botnet-V50-7-TCP-Attempt-SPAM,1.0,False,,3941,9
flow=From-Botnet-V50-8-TCP-Attempt-SPAM,1.0,False,,3865,9
flow=From-Botnet-V50-9-TCP-Attempt-SPAM,1.0,False,,3709,9
flow=From-Botnet-V42-UDP-Attempt-DNS,1.0,False,,3057,1
flow=From-Botnet-V50-10-TCP-Attempt,1.0,False,,2800,9
flow=From-Botnet-V50-3-TCP-Attempt,1.0,False,,2651,9
flow=From-Botnet-V50-9-TCP-Attempt,1.0,False,,2469,9
flow=From-Botnet-V50-5-TCP-Attempt,1.0,False,,2430,9
flow=From-Botnet-V42-TCP-Attempt,1.0,False,,1881,1
flow=From-Botnet-V43-TCP-HTTP-Persistent-Down-1,1.0,False,,1210,2
flow=From-Botnet-V45-TCP-Attempt-SPAM,1.0,False,,1127,4
flow=From-Botnet-V49-TCP-CC74-HTTP-Custom-Port-Not-Encrypted,1.0,False,,1057,8
flow=From-Botnet-V50-1-TCP-Attempt,1.0,False,,894,9
flow=From-Botnet-V50-2-TCP-Attempt,1.0,False,,838,9
flow=From-Botnet-V45-ICMP,1.0,False,,812,4
flow=From-Botnet-V50-4-TCP-Attempt,1.0,False,,807,9
flow=From-Botnet-V50-6-TCP-Attempt,1.0,False,,799,9
flow=From-Botnet-V43-UDP-DNS,1.0,False,,788,2
flow=From-Botnet-V50-7-TCP-Attempt,1.0,False,,777,9
flow=From-Botnet-V50-8-TCP-Attempt,1.0,False,,776,9
flow=From-Botnet-V54-TCP-Not-Encrypted-SMTP-Private-Proxy-1,1.0,False,,665,13
flow=From-Botnet-V50-10-TCP-Not-Encrypted-SMTP-Private-Proxy-6,1.0,False,,658,9
flow=From-Botnet-V54-TCP-WEB-Established,1.0,False,,528,13
flow=From-Botnet-V50-2-TCP-Not-Encrypted-SMTP-Private-Proxy-2,1.0,False,,521,9
flow=From-Botnet-V45-UDP-Attempt,1.0,False,,501,4
flow=From-Botnet-V50-8-TCP-Not-Encrypted-SMTP-Private-Proxy-6,1.0,False,,496,9
flow=From-Botnet-V44-TCP-Established,1.0,False,,491,3
flow=From-Botnet-V50-4-TCP-Not-Encrypted-SMTP-Private-Proxy-4,1.0,False,,469,9
flow=From-Botnet-V50-6-TCP-WEB-Established,1.0,False,,437,9
flow=From-Botnet-V46-TCP-Attempt,1.0,False,,422,5
flow=From-Botnet-V50-9-TCP-Not-Encrypted-SMTP-Private-Proxy-5,1.0,False,,412,9
flow=From-Botnet-V54-TCP-CC16-HTTP-Not-Encrypted,1.0,False,,391,13
flow=From-Botnet-V50-3-TCP-Not-Encrypted-SMTP-Private-Proxy-3,1.0,False,,386,9
flow=From-Botnet-V50-6-TCP-Not-Encrypted-SMTP-Private-Proxy-6,1.0,False,,383,9
flow=From-Botnet-V43-TCP-WEB-Established,1.0,False,,366,2
flow=From-Botnet-V50-5-TCP-WEB-Established,1.0,False,,364,9
flow=From-Botnet-V51-1-UDP-Established,1.0,False,,362,12
flow=From-Botnet-V42-TCP-Established-HTTP-Ad-63,1.0,False,,352,1
flow=From-Botnet-V50-10-TCP-WEB-Established-SSL,1.0,False,,352,9
flow=From-Botnet-V50-5-TCP-Not-Encrypted-SMTP-Private-Proxy-3,1.0,False,,334,9
flow=From-Botnet-V43-TCP-Established-HTTP-Ad-45,1.0,False,,331,2
flow=From-Botnet-V42-TCP-Not-Encrypted-SMTP-Private-Proxy-1,1.0,False,,320,1
flow=From-Botnet-V50-2-TCP-WEB-Established,1.0,False,,311,9
flow=From-Botnet-V51-2-UDP-Attempt,1.0,False,,306,10;11;12
flow=From-Botnet-V43-TCP-Established-HTTP-Ad-41,1.0,False,,297,2
flow=From-Botnet-V50-1-TCP-Not-Encrypted-SMTP-Private-Proxy-1,1.0,False,,292,9
flow=From-Botnet-V50-4-TCP-WEB-Established,1.0,False,,284,9
flow=From-Botnet-V54-TCP-Established-HTTP-Ad-30,1.0,False,,281,13
flow=From-Botnet-V51-2-UDP-Established,1.0,False,,277,12
flow=From-Botnet-V50-4-TCP-WEB-Established-SSL,1.0,False,,267,9
flow=From-Botnet-V51-1-UDP-Attempt,1.0,False,,264,10;11;12
flow=From-Botnet-V50-9-TCP-WEB-Established,1.0,False,,258,9
flow=From-Botnet-V50-2-TCP-WEB-Established-SSL,1.0,False,,254,9
flow=From-Botnet-V50-8-TCP-WEB-Established,1.0,False,,241,9
flow=From-Botnet-V54-TCP-WEB-Established-SSL,1.0,False,,239,13
flow=From-Botnet-V50-9-TCP-WEB-Established-SSL,1.0,False,,231,9
flow=From-Botnet-V50-3-TCP-WEB-Established,1.0,False,,225,9
flow=From-Botnet-V42-TCP-CC16-HTTP-Not-Encrypted,1.0,False,,221,1
flow=From-Botnet-V50-10-TCP-WEB-Established,1.0,False,,214,9
flow=From-Botnet-V50-8-TCP-WEB-Established-SSL,1.0,False,,211,9
flow=From-Botnet-V50-7-TCP-WEB-Established,1.0,False,,208,9
flow=From-Botnet-V50-6-TCP-WEB-Established-SSL,1.0,False,,205,9
flow=From-Botnet-V47-TCP-CC73-Not-Encrypted,1.0,False,,199,6
flow=From-Botnet-V43-TCP-CC69-Custom-Encryption,1.0,False,,198,2
flow=From-Botnet-V43-TCP-Not-Encrypted-SMTP-Private-Proxy-1,1.0,False,,196,2
flow=From-Botnet-V51-3-UDP-Attempt,1.0,False,,196,10;11;12
flow=From-Botnet-V51-3-UDP-Established,1.0,False,,194,12
flow=From-Botnet-V50-3-TCP-WEB-Established-SSL,1.0,False,,189,9
flow=From-Botnet-V43-TCP-CC66-HTTP-Custom-Encryption,1.0,False,,182,2
flow=From-Botnet-V43-TCP-Established-HTTP-Ad-38,1.0,False,,182,2
flow=From-Botnet-V46-TCP-Not-Encrypted-SMTP-Private-Proxy-1,1.0,False,,181,5
flow=From-Botnet-V50-1-TCP-WEB-Established,1.0,False,,181,9
flow=From-Botnet-V43-TCP-Established-HTTP-Ad-33,1.0,False,,169,2
flow=From-Botnet-V43-TCP-Established-HTTP-Ad-12,1.0,False,,161,2
flow=From-Botnet-V54-TCP-Established-HTTP-Ad-1,1.0,False,,160,13
flow=From-Botnet-V50-1-TCP-CC16-HTTP-Not-Encrypted,1.0,False,,156,9
flow=From-Botnet-V50-5-TCP-WEB-Established-SSL,1.0,False,,154,9
flow=From-Botnet-V43-TCP-Established-HTTP-Ad-43,1.0,False,,147,2
flow=From-Botnet-V43-TCP-Established-HTTP-Ad-31,1.0,False,,143,2
flow=From-Botnet-V43-TCP-Established-HTTP-Ad-yieldmanager-8,1.0,False,,142,2
flow=From-Botnet-V50-3-TCP-CC16-HTTP-Not-Encrypted,1.0,False,,141,9
flow=From-Botnet-V50-6-TCP-CC16-HTTP-Not-Encrypted,1.0,False,,141,9
flow=From-Botnet-V54-TCP-Established-SPAM,1.0,False,,140,13
flow=From-Botnet-V50-10-TCP-CC12-HTTP-Not-Encrypted,1.0,False,,137,9
flow=From-Botnet-V50-2-TCP-CC16-HTTP-Not-Encrypted,1.0,False,,136,9
flow=From-Botnet-V50-7-TCP-Not-Encrypted-SMTP-Private-Proxy-5,1.0,False,,136,9
flow=From-Botnet-V43-TCP-Established-HTTP-Ad-34,1.0,False,,135,2
flow=From-Botnet-V50-4-TCP-CC16-HTTP-Not-Encrypted,1.0,False,,129,9
flow=From-Botnet-V49-UDP-Established-Custom-Encryption-1,1.0,False,,127,8
flow=From-Botnet-V50-7-TCP-CC16-HTTP-Not-Encrypted,1.0,False,,127,9
flow=From-Botnet-V50-5-TCP-CC16-HTTP-Not-Encrypted,1.0,False,,121,9
flow=From-Botnet-V50-10-TCP-CC16-HTTP-Not-Encrypted,1.0,False,,121,9
flow=From-Botnet-V51-2-TCP-WEB-Established,1.0,False,,119,10;12
flow=From-Botnet-V51-3-TCP-WEB-Established,1.0,False,,115,12
flow=From-Botnet-V43-TCP-CC16-HTTP-Not-Encrypted,1.0,False,,114,2
flow=From-Botnet-V50-8-TCP-CC16-HTTP-Not-Encrypted,1.0,False,,114,9
flow=From-Botnet-V51-1-TCP-WEB-Established,1.0,False,,106,10;12
flow=From-Botnet-V50-9-TCP-CC16-HTTP-Not-Encrypted,1.0,False,,97,9
flow=From-Botnet-V49-UDP-Established-Custom-Encryption-2,1.0,False,,94,8
flow=From-Botnet-V42-TCP-WEB-Established,1.0,False,,93,1
flow=From-Botnet-V51-2-UDP-DNS,1.0,False,,91,10;11;12
flow=From-Botnet-V54-TCP-Established-HTTP-Ad-37,1.0,False,,91,13
flow=From-Botnet-V43-TCP-CC70-Custom-Encryption,1.0,False,,89,2
flow=From-Botnet-V51-1-UDP-DNS,1.0,False,,89,10;11;12
flow=From-Botnet-V51-3-UDP-DNS,1.0,False,,88,10;11;12
flow=From-Botnet-V50-1-TCP-WEB-Established-SSL,1.0,False,,81,9
flow=From-Botnet-V43-TCP-Established-HTTP-Ad-39,1.0,False,,80,2
flow=From-Botnet-V50-2-TCP-CC12-HTTP-Not-Encrypted,1.0,False,,79,9
flow=From-Botnet-V50-10-TCP-Established-HTTP-Ad-21,1.0,False,,79,9
flow=From-Botnet-V43-TCP-Established-HTTP-Ad-35,1.0,False,,77,2
flow=From-Botnet-V50-1-TCP-CC23-Plain-HTTP-Encrypted-Data,1.0,False,,77,9
flow=From-Botnet-V45-UDP-DNS,1.0,False,,70,4
flow=From-Botnet-V49-UDP-DNS,1.0,False,,69,8
flow=From-Botnet-V50-1-TCP-Established-HTTP-Ad-2,1.0,False,,68,9
flow=From-Botnet-V50-4-TCP-CC20-Plain-HTTP-Encrypted-Data,1.0,False,,68,9
flow=From-Botnet-V50-3-TCP-CC23-Plain-HTTP-Encrypted-Data,1.0,False,,67,9
flow=From-Botnet-V50-2-TCP-CC23-Plain-HTTP-Encrypted-Data,1.0,False,,66,9
flow=From-Botnet-V50-5-TCP-CC20-Plain-HTTP-Encrypted-Data,1.0,False,,66,9
flow=From-Botnet-V50-6-TCP-CC20-Plain-HTTP-Encrypted-Data,1.0,False,,66,9
flow=From-Botnet-V50-10-TCP-Established-SSL-To-Microsoft-5,1.0,False,,66,9
flow=From-Botnet-V50-6-TCP-Established-HTTP-Ad-2,1.0,False,,65,9
flow=From-Botnet-V50-3-TCP-Established-HTTP-Ad-21,1.0,False,,64,9
flow=From-Botnet-V50-7-TCP-CC20-Plain-HTTP-Encrypted-Data,1.0,False,,64,9
flow=From-Botnet-V54-TCP-Established-HTTP-Ad-10,1.0,False,,64,13
flow=From-Botnet-V44-TCP-CC107-IRC-Not-Encrypted,1.0,False,,63,3
flow=From-Botnet-V50-3-TCP-Established-HTTP-Ad-2,1.0,False,,63,9
flow=From-Botnet-V42-TCP-Established-SPAM,1.0,False,,62,1
flow=From-Botnet-V50-9-TCP-CC20-Plain-HTTP-Encrypted-Data,1.0,False,,62,9
flow=From-Botnet-V50-10-TCP-CC20-Plain-HTTP-Encrypted-Data,1.0,False,,61,9
flow=From-Botnet-V50-4-TCP-Established-HTTP-Ad-2,1.0,False,,60,9
flow=From-Botnet-V50-4-TCP-CC12-HTTP-Not-Encrypted,1.0,False,,59,9
flow=From-Botnet-V50-8-TCP-CC20-Plain-HTTP-Encrypted-Data,1.0,False,,59,9
flow=From-Botnet-V54-TCP-Established-HTTP-Ad-yieldmanager-9,1.0,False,,59,13
flow=From-Botnet-V50-7-TCP-Established-HTTP-Ad-2,1.0,False,,58,9
flow=From-Botnet-V54-TCP-Established-HTTP-Ad-40,1.0,False,,56,13
flow=From-Botnet-V50-2-TCP-Established-HTTP-Ad-2,1.0,False,,55,9
flow=From-Botnet-V50-4-TCP-Established-HTTP-Ad-21,1.0,False,,55,9
flow=From-Botnet-V50-5-TCP-Established-HTTP-Ad-2,1.0,False,,54,9
flow=From-Botnet-V42-TCP-CC53-HTTP-Not-Encrypted,1.0,False,,53,1
flow=From-Botnet-V50-5-TCP-Established-HTTP-Ad-21,1.0,False,,53,9
flow=From-Botnet-V54-TCP-Established-HTTP-Ad-32,1.0,False,,53,13
flow=From-Botnet-V50-10-TCP-Established-HTTP-Ad-2,1.0,False,,52,9
flow=From-Botnet-V50-3-TCP-CC12-HTTP-Not-Encrypted,1.0,False,,51,9
flow=From-Botnet-V50-8-TCP-CC12-HTTP-Not-Encrypted,1.0,False,,51,9
flow=From-Botnet-V50-10-TCP-Established-SSL-To-Microsoft-3,1.0,False,,51,9
flow=From-Botnet-V42-TCP-WEB-Established-SSL,1.0,False,,50,1
flow=From-Botnet-V43-TCP-Established-HTTP-Ad-25,1.0,False,,50,2
flow=From-Botnet-V50-8-TCP-Established-HTTP-Ad-2,1.0,False,,50,9
flow=From-Botnet-V54-TCP-CC12-HTTP-Not-Encrypted,1.0,False,,50,13
flow=From-Botnet-V43-TCP-CC56-HTTP-Not-Encrypted,1.0,False,,49,2
flow=From-Botnet-V46-UDP-DNS,1.0,False,,49,5
flow=From-Botnet-V50-9-TCP-CC12-HTTP-Not-Encrypted,1.0,False,,49,9
flow=From-Botnet-V50-4-TCP-Established-SSL-To-Microsoft-5,1.0,False,,48,9
flow=From-Botnet-V45-TCP-CC73-Not-Encrypted,1.0,False,,47,4
flow=From-Botnet-V50-2-TCP-Established-SSL-To-Microsoft-3,1.0,False,,47,9
flow=From-Botnet-V54-TCP-CC1-HTTP-Not-Encrypted,1.0,False,,47,13
flow=From-Botnet-V54-TCP-Established-HTTP-Ad-21,1.0,False,,46,13
flow=From-Botnet-V50-2-TCP-Established-HTTP-Ad-21,1.0,False,,44,9
flow=From-Botnet-V42-TCP-Established,1.0,False,,43,1
flow=From-Botnet-V50-4-TCP-Established-HTTP-Ad-yieldmanager-9,1.0,False,,43,9
flow=From-Botnet-V50-3-TCP-Established-HTTP-Ad-25,1.0,False,,43,9
flow=From-Botnet-V50-6-TCP-CC12-HTTP-Not-Encrypted,1.0,False,,42,9
flow=From-Botnet-V50-6-TCP-Established-HTTP-Ad-yieldmanager-9,1.0,False,,41,9
flow=From-Botnet-V50-6-TCP-Established-HTTP-Ad-22,1.0,False,,41,9
flow=From-Botnet-V50-2-TCP-Established-SSL-To-Microsoft-5,1.0,False,,41,9
flow=From-Botnet-V50-9-TCP-Established-HTTP-Ad-2,1.0,False,,41,9
flow=From-Botnet-V50-10-TCP-Established-SSL-To-Microsoft-2,1.0,False,,41,9
flow=From-Botnet-V50-4-TCP-HTTP-Google-Net-Established-6,1.0,False,,40,9
flow=From-Botnet-V50-1-TCP-Established-HTTP-Ad-22,1.0,False,,40,9
flow=From-Botnet-V50-7-TCP-CC1-HTTP-Not-Encrypted,1.0,False,,40,9
flow=From-Botnet-V50-7-TCP-Established-HTTP-Ad-16,1.0,False,,40,9
flow=From-Botnet-V50-5-TCP-CC12-HTTP-Not-Encrypted,1.0,False,,39,9
flow=From-Botnet-V50-6-TCP-Established-HTTP-Ad-41,1.0,False,,39,9
flow=From-Botnet-V50-7-TCP-WEB-Established-SSL,1.0,False,,39,9
flow=From-Botnet-V42-TCP-Established-HTTP-Ad-1,1.0,False,,38,1
flow=From-Botnet-V50-3-TCP-Established-HTTP-Ad-22,1.0,False,,38,9
flow=From-Botnet-V50-4-TCP-Established-HTTP-Ad-22,1.0,False,,38,9
flow=From-Botnet-V42-TCP-CC1-HTTP-Not-Encrypted,1.0,False,,37,1
flow=From-Botnet-V50-2-TCP-Established-HTTP-Ad-yieldmanager-9,1.0,False,,37,9
flow=From-Botnet-V50-3-TCP-Established-SSL-To-Microsoft-3,1.0,False,,37,9
flow=From-Botnet-V50-8-TCP-Established-SSL-To-Microsoft-3,1.0,False,,37,9
flow=From-Botnet-V50-1-TCP-Established-HTTP-Ad-21,1.0,False,,36,9
flow=From-Botnet-V50-7-TCP-Established-HTTP-Ad-22,1.0,False,,36,9
flow=From-Botnet-V50-10-TCP-Established-HTTP-Ad-34,1.0,False,,36,9
flow=From-Botnet-V54-TCP-Established-HTTP-Ad-25,1.0,False,,36,13
flow=From-Botnet-V50-10-TCP-HTTP-Google-Net-Established-6,1.0,False,,35,9
flow=From-Botnet-V50-3-TCP-Established-HTTP-Ad-34,1.0,False,,35,9
flow=From-Botnet-V50-6-TCP-Established-HTTP-Ad-44,1.0,False,,35,9
flow=From-Botnet-V50-5-TCP-Established-HTTP-Ad-34,1.0,False,,35,9
flow=From-Botnet-V50-6-TCP-Established-HTTP-Ad-12,1.0,False,,35,9
flow=From-Botnet-V50-10-TCP-Established-HTTP-Ad-10,1.0,False,,35,9
flow=From-Botnet-V50-9-TCP-Established-SSL-To-Microsoft-3,1.0,False,,35,9
flow=From-Botnet-V54-TCP-Established-SSL-To-Microsoft-3,1.0,False,,35,13
flow=From-Botnet-V54-TCP-Established-HTTP-Ad-55,1.0,False,,35,13
flow=From-Botnet-V50-1-TCP-Established-SPAM,1.0,False,,34,9
flow=From-Botnet-V50-4-TCP-Established-HTTP-Ad-61,1.0,False,,34,9
flow=From-Botnet-V50-4-TCP-Established-SSL-To-Microsoft-3,1.0,False,,34,9
flow=From-Botnet-V54-TCP-Established-HTTP-Ad-44,1.0,False,,34,13
flow=From-Botnet-V43-TCP-Established-HTTP-Ad-32,1.0,False,,33,2
flow=From-Botnet-V43-TCP-Established-SPAM,1.0,False,,33,2
flow=From-Botnet-V50-1-TCP-CC1-HTTP-Not-Encrypted,1.0,False,,33,9
flow=From-Botnet-V50-6-TCP-Established-HTTP-Ad-20,1.0,False,,33,9
flow=From-Botnet-V50-3-TCP-Established-SSL-To-Microsoft-5,1.0,False,,33,9
flow=From-Botnet-V50-5-TCP-Established-HTTP-Ad-22,1.0,False,,33,9
flow=From-Botnet-V50-2-TCP-Established-HTTP-Ad-22,1.0,False,,33,9
flow=From-Botnet-V50-10-TCP-Established-HTTP-Ad-55,1.0,False,,33,9
flow=From-Botnet-V50-9-TCP-Established-SSL-To-Microsoft-5,1.0,False,,33,9
flow=From-Botnet-V42-TCP-Established-HTTP-Ad-20,1.0,False,,32,1
flow=From-Botnet-V43-TCP-Established,1.0,False,,32,2
flow=From-Botnet-V50-3-TCP-Established-HTTP-Ad-55,1.0,False,,32,9
flow=From-Botnet-V50-8-TCP-Established-HTTP-Ad-22,1.0,False,,32,9
flow=From-Botnet-V50-5-TCP-Established-HTTP-Adobe-4,1.0,False,,32,9
flow=From-Botnet-V42-TCP-Established-HTTP-Ad-18,1.0,False,,31,1
flow=From-Botnet-V42-TCP-Established-HTTP-Ad-21,1.0,False,,31,1
flow=From-Botnet-V50-1-TCP-Established-HTTP-Ad-44,1.0,False,,31,9
flow=From-Botnet-V50-2-TCP-Established-HTTP-Ad-41,1.0,False,,31,9
flow=From-Botnet-V50-10-TCP-Established-HTTP-Ad-22,1.0,False,,31,9
flow=From-Botnet-V50-4-TCP-Established-HTTP-Ad-12,1.0,False,,31,9
flow=From-Botnet-V50-8-TCP-Established-SSL-To-Microsoft-1,1.0,False,,31,9
flow=From-Botnet-V43-TCP-HTTP-Google-Net-Established-6,1.0,False,,30,2
flow=From-Botnet-V43-TCP-Established-HTTP-Ad-yieldmanager-9,1.0,False,,30,2
flow=From-Botnet-V43-TCP-CC1-HTTP-Not-Encrypted,1.0,False,,30,2
flow=From-Botnet-V50-1-TCP-Established-HTTP-Ad-1,1.0,False,,30,9
flow=From-Botnet-V50-4-TCP-Established-HTTP-Ad-18,1.0,False,,30,9
flow=From-Botnet-V50-5-TCP-Established-SSL-To-Microsoft-3,1.0,False,,30,9
flow=From-Botnet-V54-TCP-CC6-Plain-HTTP-Encrypted-Data,1.0,False,,30,13
flow=From-Botnet-V54-TCP-Established-SSL-To-Microsoft-4,1.0,False,,30,13
flow=From-Botnet-V42-TCP-Established-HTTP-Ad-15,1.0,False,,29,1
flow=From-Botnet-V47-UDP-DNS,1.0,False,,29,6
flow=From-Botnet-V50-6-TCP-HTTP-Google-Net-Established-6,1.0,False,,29,9
flow=From-Botnet-V50-1-TCP-Established-HTTP-Ad-15,1.0,False,,29,9
flow=From-Botnet-V50-1-TCP-Established-SSL-To-Microsoft-5,1.0,False,,29,9
flow=From-Botnet-V50-4-TCP-Established-HTTP-Ad-45,1.0,False,,29,9
flow=From-Botnet-V50-2-TCP-Established-SSL-To-Microsoft-4,1.0,False,,29,9
flow=From-Botnet-V50-10-TCP-Established-HTTP-Ad-3,1.0,False,,29,9
flow=From-Botnet-V50-10-TCP-Established-SSL-To-Microsoft-1,1.0,False,,29,9
flow=From-Botnet-V42-TCP-Established-HTTP-Ad-55,1.0,False,,28,1
flow=From-Botnet-V50-5-TCP-HTTP-Google-Net-Established-6,1.0,False,,28,9
flow=From-Botnet-V50-5-TCP-Established-HTTP-Ad-55,1.0,False,,28,9
flow=From-Botnet-V50-10-TCP-Established-SPAM,1.0,False,,28,9
flow=From-Botnet-V50-8-TCP-CC1-HTTP-Not-Encrypted,1.0,False,,28,9
flow=From-Botnet-V50-5-TCP-Established-HTTP-Ad-25,1.0,False,,28,9
flow=From-Botnet-V50-3-TCP-Established-HTTP-Ad-45,1.0,False,,28,9
flow=From-Botnet-V50-8-TCP-Established-SSL-To-Microsoft-5,1.0,False,,28,9
flow=From-Botnet-V50-3-TCP-Established-HTTP-Ad-1,1.0,False,,27,9
flow=From-Botnet-V50-3-TCP-Established-HTTP-Ad-yieldmanager-8,1.0,False,,27,9
flow=From-Botnet-V50-10-TCP-CC1-HTTP-Not-Encrypted,1.0,False,,27,9
flow=From-Botnet-V50-10-TCP-Established-SSL-To-Microsoft-4,1.0,False,,27,9
flow=From-Botnet-V42-TCP-Established-HTTP-Ad-yieldmanager-9,1.0,False,,26,1
flow=From-Botnet-V43-TCP-WEB-Established-SSL,1.0,False,,26,2
flow=From-Botnet-V50-2-TCP-HTTP-Google-Net-Established-6,1.0,False,,26,9
flow=From-Botnet-V50-2-TCP-Established-HTTP-Ad-15,1.0,False,,26,9
flow=From-Botnet-V50-2-TCP-Established-HTTP-Ad-1,1.0,False,,26,9
flow=From-Botnet-V50-5-TCP-CC1-HTTP-Not-Encrypted,1.0,False,,26,9
flow=From-Botnet-V50-6-TCP-Established-HTTP-Ad-15,1.0,False,,26,9
flow=From-Botnet-V50-6-TCP-Established-HTTP-Ad-1,1.0,False,,26,9
flow=From-Botnet-V50-4-TCP-Established-HTTP-Ad-24,1.0,False,,26,9
flow=From-Botnet-V50-10-TCP-Established-HTTP-Ad-yieldmanager-9,1.0,False,,26,9
flow=From-Botnet-V50-2-TCP-Established-HTTP-Ad-16,1.0,False,,25,9
flow=From-Botnet-V50-2-TCP-Established-HTTP-Ad-61,1.0,False,,25,9
flow=From-Botnet-V50-3-TCP-Established-HTTP-Ad-15,1.0,False,,25,9
flow=From-Botnet-V50-6-TCP-Established-HTTP-Ad-25,1.0,False,,25,9
flow=From-Botnet-V50-7-TCP-Established-HTTP-Ad-15,1.0,False,,25,9
flow=From-Botnet-V50-6-TCP-Established-SSL-To-Microsoft-3,1.0,False,,25,9
flow=From-Botnet-V54-TCP-Established-SSL-To-Microsoft-5,1.0,False,,25,13
flow=From-Botnet-V43-TCP-Established-HTTP-Ad-20,1.0,False,,24,2
flow=From-Botnet-V50-1-TCP-Established-HTTP-Ad-37,1.0,False,,24,9
flow=From-Botnet-V50-1-TCP-Established-HTTP-Ad-62,1.0,False,,24,9
flow=From-Botnet-V50-3-TCP-Established-HTTP-Ad-yieldmanager-9,1.0,False,,24,9
flow=From-Botnet-V50-5-TCP-Established-HTTP-Ad-yieldmanager-9,1.0,False,,24,9
flow=From-Botnet-V50-6-TCP-CC1-HTTP-Not-Encrypted,1.0,False,,24,9
flow=From-Botnet-V50-4-TCP-Established-HTTP-Ad-3,1.0,False,,24,9
flow=From-Botnet-V50-6-TCP-Established-SSL-To-Microsoft-5,1.0,False,,24,9
flow=From-Botnet-V50-9-TCP-Established-HTTP-Ad-18,1.0,False,,24,9
flow=From-Botnet-V50-9-TCP-Established-HTTP-Ad-22,1.0,False,,24,9
flow=From-Botnet-V54-TCP-Established-HTTP-Ad-61,1.0,False,,24,13
flow=From-Botnet-V54-TCP-Established-HTTP-Ad-12,1.0,False,,24,13
flow=From-Botnet-V42-TCP-Established-HTTP-Ad-44,1.0,False,,23,1
flow=From-Botnet-V50-1-TCP-HTTP-Google-Net-Established-6,1.0,False,,23,9
flow=From-Botnet-V50-1-TCP-Established-HTTP-Ad-3,1.0,False,,23,9
flow=From-Botnet-V50-1-TCP-Established-HTTP-Ad-yieldmanager-9,1.0,False,,23,9
flow=From-Botnet-V50-2-TCP-CC1-HTTP-Not-Encrypted,1.0,False,,23,9
flow=From-Botnet-V50-2-TCP-Established-SPAM,1.0,False,,23,9
flow=From-Botnet-V50-3-TCP-Established-HTTP-Ad-10,1.0,False,,23,9
flow=From-Botnet-V50-4-TCP-Established-HTTP-Ad-41,1.0,False,,23,9
flow=From-Botnet-V50-4-TCP-Established-HTTP-Ad-25,1.0,False,,23,9
flow=From-Botnet-V50-5-TCP-Established-HTTP-Ad-45,1.0,False,,23,9
flow=From-Botnet-V50-3-TCP-Established-HTTP-Ad-24,1.0,False,,23,9
flow=From-Botnet-V49-TCP-WEB-Established,1.0,False,,22,8
flow=From-Botnet-V50-1-TCP-Established-HTTP-Ad-yieldmanager-8,1.0,False,,22,9
flow=From-Botnet-V50-4-TCP-Established-HTTP-Ad-15,1.0,False,,22,9
flow=From-Botnet-V50-4-TCP-Established-HTTP-Ad-1,1.0,False,,22,9
flow=From-Botnet-V50-3-TCP-Established-HTTP-Ad-3,1.0,False,,22,9
flow=From-Botnet-V50-7-TCP-Established-HTTP-Ad-1,1.0,False,,22,9
flow=From-Botnet-V50-10-TCP-Established-HTTP-Ad-15,1.0,False,,22,9
flow=From-Botnet-V50-10-TCP-Established-HTTP-Ad-1,1.0,False,,22,9
flow=From-Botnet-V50-10-TCP-Established-HTTP-Ad-32,1.0,False,,22,9
flow=From-Botnet-V50-10-TCP-Established-HTTP-Ad-24,1.0,False,,22,9
flow=From-Botnet-V50-6-TCP-Established-SSL-To-Microsoft-4,1.0,False,,22,9
flow=From-Botnet-V50-10-TCP-Established-HTTP-Ad-30,1.0,False,,22,9
flow=From-Botnet-V50-7-TCP-Established-HTTP-Ad-62,1.0,False,,22,9
flow=From-Botnet-V42-TCP-Established-HTTP-Ad-37,1.0,False,,21,1
flow=From-Botnet-V42-TCP-Established-HTTP-Ad-30,1.0,False,,21,1
flow=From-Botnet-V43-TCP-Established-HTTP-Ad-15,1.0,False,,21,2
flow=From-Botnet-V43-TCP-Established-HTTP-Ad-18,1.0,False,,21,2
flow=From-Botnet-V44-ICMP,1.0,False,,21,3
flow=From-Botnet-V46-TCP-Established-HTTP-To-Microsoft-6,1.0,False,,21,5
flow=From-Botnet-V48-UDP-DNS,1.0,False,,21,7
flow=From-Botnet-V50-3-TCP-Established-HTTP-Ad-30,1.0,False,,21,9
flow=From-Botnet-V50-3-TCP-CC1-HTTP-Not-Encrypted,1.0,False,,21,9
flow=From-Botnet-V50-4-TCP-CC1-HTTP-Not-Encrypted,1.0,False,,21,9
flow=From-Botnet-V50-5-TCP-Established-HTTP-Ad-15,1.0,False,,21,9
flow=From-Botnet-V50-4-TCP-Established-HTTP-Ad-55,1.0,False,,21,9
flow=From-Botnet-V50-5-TCP-Established-HTTP-Ad-1,1.0,False,,21,9
flow=From-Botnet-V50-6-TCP-Established-HTTP-Ad-18,1.0,False,,21,9
flow=From-Botnet-V50-6-TCP-Established-HTTP-Ad-21,1.0,False,,21,9
flow=From-Botnet-V50-4-TCP-Established-SPAM,1.0,False,,21,9
flow=From-Botnet-V50-2-TCP-Established-HTTP-Ad-55,1.0,False,,21,9
flow=From-Botnet-V50-8-TCP-Established-HTTP-Ad-48,1.0,False,,21,9
flow=From-Botnet-V50-6-TCP-Established-SPAM,1.0,False,,21,9
flow=From-Botnet-V50-7-TCP-Established-SPAM,1.0,False,,21,9
flow=From-Botnet-V50-9-TCP-Established-HTTP-Ad-61,1.0,False,,21,9
flow=From-Botnet-V50-9-TCP-Established-HTTP-Ad-34,1.0,False,,21,9
flow=From-Botnet-V50-10-TCP-Established-HTTP-Ad-41,1.0,False,,21,9
flow=From-Botnet-V50-10-TCP-Established-SSL-To-Microsoft-6,1.0,False,,21,9
flow=From-Botnet-V50-1-TCP-Established-SSL-To-Microsoft-2,1.0,False,,21,9
flow=From-Botnet-V43-TCP-Established-HTTP-Ad-36,1.0,False,,20,2
flow=From-Botnet-V50-9-TCP-HTTP-Google-Net-Established-6,1.0,False,,20,9
flow=From-Botnet-V50-1-TCP-Established-HTTP-Ad-23,1.0,False,,20,9
flow=From-Botnet-V50-1-TCP-Established-HTTP-Ad-58,1.0,False,,20,9
flow=From-Botnet-V50-2-TCP-Established-HTTP-Ad-10,1.0,False,,20,9
flow=From-Botnet-V50-3-TCP-Established-SPAM,1.0,False,,20,9
flow=From-Botnet-V50-6-TCP-Established-HTTP-Ad-61,1.0,False,,20,9
flow=From-Botnet-V50-6-TCP-Established-HTTP-Adobe-4,1.0,False,,20,9
flow=From-Botnet-V50-8-TCP-Established-HTTP-Ad-61,1.0,False,,20,9
flow=From-Botnet-V50-4-TCP-Established-HTTP-Ad-10,1.0,False,,20,9
flow=From-Botnet-V50-2-TCP-Established-HTTP-Ad-45,1.0,False,,20,9
flow=From-Botnet-V50-8-TCP-Established-HTTP-Ad-15,1.0,False,,20,9
flow=From-Botnet-V50-5-TCP-Established-HTTP-Ad-20,1.0,False,,20,9
flow=From-Botnet-V50-6-TCP-Established-HTTP-Ad-62,1.0,False,,20,9
flow=From-Botnet-V50-8-TCP-Established-HTTP-Ad-1,1.0,False,,20,9
flow=From-Botnet-V50-6-TCP-Established-HTTP-Ad-48,1.0,False,,20,9
flow=From-Botnet-V50-1-TCP-Established-SSL-To-Microsoft-3,1.0,False,,20,9
flow=From-Botnet-V50-7-TCP-Established-HTTP-Ad-yieldmanager-9,1.0,False,,20,9
flow=From-Botnet-V50-9-TCP-CC1-HTTP-Not-Encrypted,1.0,False,,20,9
flow=From-Botnet-V50-10-TCP-Established-HTTP-Ad-61,1.0,False,,20,9
flow=From-Botnet-V50-10-TCP-Established-HTTP-Ad-45,1.0,False,,20,9
flow=From-Botnet-V50-5-TCP-Established-Custom-Encryption-1,1.0,False,,20,9
flow=From-Botnet-V46-TCP-Attempt-SPAM,1.0,False,,19,5
flow=From-Botnet-V46-TCP-Established-SPAM,1.0,False,,19,5
flow=From-Botnet-V48-TCP-CC108-Plain-HTTP,1.0,False,,19,7
flow=From-Botnet-V49-UDP-Established,1.0,False,,19,8
flow=From-Botnet-V50-1-TCP-Established-HTTP-Ad-20,1.0,False,,19,9
flow=From-Botnet-V50-2-TCP-Established-HTTP-Ad-yieldmanager-8,1.0,False,,19,9
flow=From-Botnet-V50-6-TCP-Established-HTTP-Ad-16,1.0,False,,19,9
flow=From-Botnet-V50-5-TCP-Established-SPAM,1.0,False,,19,9
flow=From-Botnet-V50-2-TCP-Established-HTTP-Ad-3,1.0,False,,19,9
flow=From-Botnet-V50-9-TCP-Established-HTTP-Ad-15,1.0,False,,19,9
flow=From-Botnet-V50-8-TCP-Established-SPAM,1.0,False,,19,9
flow=From-Botnet-V50-1-TCP-Established-HTTP-Ad-55,1.0,False,,19,9
flow=From-Botnet-V50-10-TCP-Established-HTTP-Ad-33,1.0,False,,19,9
flow=From-Botnet-V50-9-TCP-Established-HTTP-Ad-44,1.0,False,,19,9
flow=From-Botnet-V50-6-TCP-Established-HTTP-Ad-33,1.0,False,,19,9
flow=From-Botnet-V54-TCP-Established-SSL-To-Microsoft-2,1.0,False,,19,13
flow=From-Botnet-V50-1-TCP-Established-HTTP-Ad-12,1.0,False,,18,9
flow=From-Botnet-V50-1-TCP-Established-HTTP-Ad-18,1.0,False,,18,9
flow=From-Botnet-V50-4-TCP-Established-HTTP-Adobe-4,1.0,False,,18,9
flow=From-Botnet-V50-5-TCP-Established-HTTP-Ad-61,1.0,False,,18,9
flow=From-Botnet-V50-6-TCP-Established-HTTP-Ad-32,1.0,False,,18,9
flow=From-Botnet-V50-6-TCP-Established-HTTP-Ad-yieldmanager-8,1.0,False,,18,9
flow=From-Botnet-V50-2-TCP-Established-HTTP-Ad-24,1.0,False,,18,9
flow=From-Botnet-V50-4-TCP-Established-SSL-To-Microsoft-4,1.0,False,,18,9
flow=From-Botnet-V50-5-TCP-Established-HTTP-Ad-18,1.0,False,,18,9
flow=From-Botnet-V50-9-TCP-Established-HTTP-Ad-16,1.0,False,,18,9
flow=From-Botnet-V43-TCP-Established-HTTP-Ad-37,1.0,False,,17,2
flow=From-Botnet-V43-TCP-Established-HTTP-Ad-1,1.0,False,,17,2
flow=From-Botnet-V46-TCP-HTTP-Google-Net-Established-2,1.0,False,,17,5
flow=From-Botnet-V46-TCP-Established-Custom-Encryption-1,1.0,False,,17,5
flow=From-Botnet-V50-1-TCP-Established-HTTP-Ad-17,1.0,False,,17,9
flow=From-Botnet-V50-1-TCP-Established-SSL-To-Microsoft-4,1.0,False,,17,9
flow=From-Botnet-V50-5-TCP-Established-HTTP-Ad-12,1.0,False,,17,9
flow=From-Botnet-V50-8-TCP-Established-HTTP-Ad-yieldmanager-9,1.0,False,,17,9
flow=From-Botnet-V50-4-TCP-Established-HTTP-Ad-yieldmanager-8,1.0,False,,17,9
flow=From-Botnet-V50-10-TCP-Established-HTTP-Ad-12,1.0,False,,17,9
flow=From-Botnet-V50-9-TCP-Established-SSL-To-Microsoft-4,1.0,False,,17,9
flow=From-Botnet-V50-6-TCP-Established-HTTP-Ad-34,1.0,False,,17,9
flow=From-Botnet-V50-9-TCP-Established-HTTP-Ad-1,1.0,False,,17,9
flow=From-Botnet-V50-3-TCP-Established-SSL-To-Microsoft-2,1.0,False,,17,9
flow=From-Botnet-V50-8-TCP-Established-SSL-To-Microsoft-4,1.0,False,,17,9
flow=From-Botnet-V50-8-TCP-Established-HTTP-Ad-12,1.0,False,,17,9
flow=From-Botnet-V50-9-TCP-Established-SSL-To-Microsoft-1,1.0,False,,17,9
flow=From-Botnet-V50-8-TCP-Established-SSL-To-Microsoft-6,1.0,False,,17,9
flow=From-Botnet-V51-8-UDP-DNS,1.0,False,,17,10
flow=From-Botnet-V51-1-UDP-CC108-Established-P2P-Not-Encrypted-1,1.0,False,,17,12
flow=From-Botnet-V54-TCP-Established-SSL-To-Microsoft-1,1.0,False,,17,13
flow=From-Botnet-V42-TCP-Established-HTTP-Ad-16,1.0,False,,16,1
flow=From-Botnet-V43-TCP-Established-HTTP-Ad-44,1.0,False,,16,2
flow=From-Botnet-V43-TCP-Established-HTTP-Ad-16,1.0,False,,16,2
flow=From-Botnet-V43-TCP-Established-SSL-To-Microsoft-4,1.0,False,,16,2
flow=From-Botnet-V46-TCP-Established-SSL-To-Microsoft-6,1.0,False,,16,5
flow=From-Botnet-V49-TCP-CC75-HTTP-Custom-Port-Not-Encrypted-Non-Periodic,1.0,False,,16,8
flow=From-Botnet-V50-7-TCP-HTTP-Google-Net-Established-6,1.0,False,,16,9
flow=From-Botnet-V50-1-TCP-Established-HTTP-Ad-40,1.0,False,,16,9
flow=From-Botnet-V50-1-TCP-Established-HTTP-Ad-32,1.0,False,,16,9
flow=From-Botnet-V50-1-TCP-Established-HTTP-Ad-61,1.0,False,,16,9
flow=From-Botnet-V50-3-TCP-Established-HTTP-Ad-61,1.0,False,,16,9
flow=From-Botnet-V50-3-TCP-Established-HTTP-Ad-32,1.0,False,,16,9
flow=From-Botnet-V50-6-TCP-Established-Custom-Encryption-7,1.0,False,,16,9
flow=From-Botnet-V50-6-TCP-Established-HTTP-Ad-10,1.0,False,,16,9
flow=From-Botnet-V50-5-TCP-Established-HTTP-Ad-41,1.0,False,,16,9
flow=From-Botnet-V50-9-UDP-Attempt-DNS,1.0,False,,16,9
flow=From-Botnet-V50-9-TCP-Established-HTTP-Ad-20,1.0,False,,16,9
flow=From-Botnet-V50-10-TCP-Established-HTTP-Ad-47,1.0,False,,16,9
flow=From-Botnet-V50-9-TCP-Established-HTTP-Ad-48,1.0,False,,16,9
flow=From-Botnet-V50-5-TCP-Established-SSL-To-Microsoft-5,1.0,False,,16,9
flow=From-Botnet-V50-8-TCP-Established-HTTP-Ad-yieldmanager-8,1.0,False,,16,9
flow=From-Botnet-V50-2-TCP-Established-Custom-Encryption-1,1.0,False,,16,9
flow=From-Botnet-V50-4-TCP-Established-Custom-Encryption-1,1.0,False,,16,9
flow=From-Botnet-V50-2-TCP-Established-SSL-To-Microsoft-2,1.0,False,,16,9
flow=From-Botnet-V50-8-TCP-Established-SSL-To-Microsoft-2,1.0,False,,16,9
flow=From-Botnet-V50-1-TCP-Established-SSL-To-Microsoft-1,1.0,False,,16,9
flow=From-Botnet-V51-6-UDP-Attempt,1.0,False,,16,10
flow=From-Botnet-V51-9-UDP-Attempt,1.0,False,,16,10
flow=From-Botnet-V51-10-UDP-DNS,1.0,False,,16,10
flow=From-Botnet-V42-TCP-Established-HTTP-Ad-40,1.0,False,,15,1
flow=From-Botnet-V43-TCP-Established-HTTP-Ad-40,1.0,False,,15,2
flow=From-Botnet-V50-1-TCP-Established-HTTP-Ad-41,1.0,False,,15,9
flow=From-Botnet-V50-2-TCP-Established-HTTP-Ad-44,1.0,False,,15,9
flow=From-Botnet-V50-3-TCP-Established-HTTP-Ad-44,1.0,False,,15,9
flow=From-Botnet-V50-5-TCP-Established-HTTP-Ad-10,1.0,False,,15,9
flow=From-Botnet-V50-5-TCP-Established-HTTP-Ad-24,1.0,False,,15,9
flow=From-Botnet-V50-4-TCP-Established-HTTP-Ad-30,1.0,False,,15,9
flow=From-Botnet-V50-6-TCP-Established-HTTP-Ad-7,1.0,False,,15,9
flow=From-Botnet-V50-9-TCP-Established-SPAM,1.0,False,,15,9
flow=From-Botnet-V50-9-TCP-Established-HTTP-Ad-yieldmanager-9,1.0,False,,15,9
flow=From-Botnet-V50-10-TCP-Established-HTTP-Ad-yieldmanager-8,1.0,False,,15,9
flow=From-Botnet-V50-7-TCP-Established-HTTP-Ad-25,1.0,False,,15,9
flow=From-Botnet-V51-4-UDP-DNS,1.0,False,,15,10
flow=From-Botnet-V51-8-UDP-Attempt,1.0,False,,15,10
flow=From-Botnet-V54-TCP-CC5-Plain-HTTP-Encrypted-Data,1.0,False,,15,13
flow=From-Botnet-V42-TCP-Established-HTTP-Ad-32,1.0,False,,14,1
flow=From-Botnet-V42-TCP-Established-HTTP-Ad-3,1.0,False,,14,1
flow=From-Botnet-V43-TCP-Established-HTTP-Ad-46,1.0,False,,14,2
flow=From-Botnet-V43-TCP-Established-HTTP-Ad-61,1.0,False,,14,2
flow=From-Botnet-V50-1-TCP-CC6-Plain-HTTP-Encrypted-Data,1.0,False,,14,9
flow=From-Botnet-V50-2-TCP-CC6-Plain-HTTP-Encrypted-Data,1.0,False,,14,9
flow=From-Botnet-V50-3-TCP-CC6-Plain-HTTP-Encrypted-Data,1.0,False,,14,9
flow=From-Botnet-V50-2-TCP-Established-HTTP-Ad-40,1.0,False,,14,9
flow=From-Botnet-V50-2-TCP-Established-HTTP-Ad-32,1.0,False,,14,9
flow=From-Botnet-V50-4-TCP-CC6-Plain-HTTP-Encrypted-Data,1.0,False,,14,9
flow=From-Botnet-V50-5-TCP-CC6-Plain-HTTP-Encrypted-Data,1.0,False,,14,9
flow=From-Botnet-V50-3-TCP-Established-SSL-To-Microsoft-4,1.0,False,,14,9
flow=From-Botnet-V50-4-TCP-Established-HTTP-Ad-44,1.0,False,,14,9
flow=From-Botnet-V50-6-TCP-CC6-Plain-HTTP-Encrypted-Data,1.0,False,,14,9
flow=From-Botnet-V50-4-TCP-Established-HTTP-Ad-32,1.0,False,,14,9
flow=From-Botnet-V50-7-TCP-CC6-Plain-HTTP-Encrypted-Data,1.0,False,,14,9
flow=From-Botnet-V50-8-TCP-CC6-Plain-HTTP-Encrypted-Data,1.0,False,,14,9
flow=From-Botnet-V50-9-TCP-CC6-Plain-HTTP-Encrypted-Data,1.0,False,,14,9
flow=From-Botnet-V50-10-TCP-CC6-Plain-HTTP-Encrypted-Data,1.0,False,,14,9
flow=From-Botnet-V50-5-TCP-Established-HTTP-Ad-3,1.0,False,,14,9
flow=From-Botnet-V50-8-TCP-Established-HTTP-Ad-32,1.0,False,,14,9
flow=From-Botnet-V50-5-TCP-Established-HTTP-Ad-yieldmanager-8,1.0,False,,14,9
flow=From-Botnet-V50-8-TCP-Established-HTTP-Ad-37,1.0,False,,14,9
flow=From-Botnet-V50-7-TCP-Established-HTTP-Ad-3,1.0,False,,14,9
flow=From-Botnet-V50-5-TCP-Established-HTTP-Ad-52,1.0,False,,14,9
flow=From-Botnet-V51-4-UDP-Attempt,1.0,False,,14,10
flow=From-Botnet-V51-5-UDP-DNS,1.0,False,,14,10
flow=From-Botnet-V51-6-UDP-DNS,1.0,False,,14,10
flow=From-Botnet-V51-7-UDP-DNS,1.0,False,,14,10
flow=From-Botnet-V51-9-UDP-DNS,1.0,False,,14,10
flow=From-Botnet-V42-TCP-Established-SSL-To-Microsoft-4,1.0,False,,13,1
flow=From-Botnet-V42-TCP-Established-HTTP-Ad-10,1.0,False,,13,1
flow=From-Botnet-V42-TCP-Established-HTTP-Ad-61,1.0,False,,13,1
flow=From-Botnet-V46-TCP-Established-HTTP-Ad-46,1.0,False,,13,5
flow=From-Botnet-V46-TCP-Established-SSL-To-Microsoft-7,1.0,False,,13,5
flow=From-Botnet-V50-1-TCP-Established-HTTP-Ad-24,1.0,False,,13,9
flow=From-Botnet-V50-2-TCP-Established-HTTP-Ad-49,1.0,False,,13,9
flow=From-Botnet-V50-5-TCP-Established-HTTP-Ad-32,1.0,False,,13,9
flow=From-Botnet-V50-3-TCP-Established-HTTP-Ad-40,1.0,False,,13,9
flow=From-Botnet-V50-2-TCP-Established-HTTP-Ad-23,1.0,False,,13,9
flow=From-Botnet-V50-3-TCP-Established-HTTP-Ad-23,1.0,False,,13,9
flow=From-Botnet-V50-4-TCP-Established-HTTP-Ad-11,1.0,False,,13,9
flow=From-Botnet-V50-2-TCP-Established-HTTP-Ad-33,1.0,False,,13,9
flow=From-Botnet-V50-7-TCP-Established-HTTP-Ad-44,1.0,False,,13,9
flow=From-Botnet-V50-8-TCP-Established-HTTP-Ad-62,1.0,False,,13,9
flow=From-Botnet-V50-7-TCP-Established-HTTP-Ad-21,1.0,False,,13,9
flow=From-Botnet-V50-8-TCP-Established-HTTP-Ad-34,1.0,False,,13,9
flow=From-Botnet-V50-7-TCP-Established-SSL-To-Microsoft-5,1.0,False,,13,9
flow=From-Botnet-V50-7-TCP-Established-HTTP-Ad-61,1.0,False,,13,9
flow=From-Botnet-V50-9-TCP-Established-HTTP-Ad-62,1.0,False,,13,9
flow=From-Botnet-V50-4-TCP-Established-HTTP-Ad-28,1.0,False,,13,9
flow=From-Botnet-V50-7-TCP-Established-HTTP-Ad-48,1.0,False,,13,9
flow=From-Botnet-V51-5-UDP-Attempt,1.0,False,,13,10
flow=From-Botnet-V51-7-UDP-Attempt,1.0,False,,13,10
flow=From-Botnet-V51-10-UDP-Attempt,1.0,False,,13,10
flow=From-Botnet-V54-TCP-HTTP-Google-Net-Established-6,1.0,False,,13,13
flow=From-Botnet-V43-TCP-Established-HTTP-Ad-29,1.0,False,,12,2
flow=From-Botnet-V50-3-TCP-HTTP-Google-Net-Established-6,1.0,False,,12,9
flow=From-Botnet-V50-3-UDP-Attempt-DNS,1.0,False,,12,9
flow=From-Botnet-V50-4-TCP-Established-HTTP-Ad-37,1.0,False,,12,9
flow=From-Botnet-V50-8-TCP-Established-HTTP-Ad-17,1.0,False,,12,9
flow=From-Botnet-V50-8-TCP-Established-HTTP-Ad-10,1.0,False,,12,9
flow=From-Botnet-V50-5-TCP-Established-HTTP-Ad-59,1.0,False,,12,9
flow=From-Botnet-V50-7-TCP-Established-HTTP-Ad-28,1.0,False,,12,9
flow=From-Botnet-V50-2-TCP-Established-HTTP-Ad-34,1.0,False,,12,9
flow=From-Botnet-V50-9-TCP-Established-HTTP-Ad-37,1.0,False,,12,9
flow=From-Botnet-V50-9-TCP-Established-HTTP-Ad-3,1.0,False,,12,9
flow=From-Botnet-V54-TCP-Established-HTTP-Adobe-4,1.0,False,,12,13
flow=From-Botnet-V42-TCP-CC54-Custom-Encryption,1.0,False,,11,1
flow=From-Botnet-V46-TCP-CC12-HTTP-Not-Encrypted,1.0,False,,11,5
flow=From-Botnet-V50-1-TCP-Established-Custom-Encryption-7,1.0,False,,11,9
flow=From-Botnet-V50-1-UDP-Attempt-DNS,1.0,False,,11,9
flow=From-Botnet-V50-1-TCP-Established-HTTP-Ad-7,1.0,False,,11,9
flow=From-Botnet-V50-1-TCP-Established-HTTP-Ad-56,1.0,False,,11,9
flow=From-Botnet-V50-1-TCP-Established-HTTP-Ad-54,1.0,False,,11,9
flow=From-Botnet-V50-2-TCP-Established-HTTP-Ad-37,1.0,False,,11,9
flow=From-Botnet-V50-3-TCP-Established-HTTP-Ad-33,1.0,False,,11,9
flow=From-Botnet-V50-4-TCP-Established-HTTP-Ad-20,1.0,False,,11,9
flow=From-Botnet-V50-5-TCP-Established-HTTP-Ad-40,1.0,False,,11,9
flow=From-Botnet-V50-5-TCP-Established-HTTP-Ad-11,1.0,False,,11,9
flow=From-Botnet-V50-6-TCP-Established-HTTP-Ad-37,1.0,False,,11,9
flow=From-Botnet-V50-6-TCP-Established-HTTP-Ad-3,1.0,False,,11,9
flow=From-Botnet-V50-7-TCP-Established-HTTP-Ad-24,1.0,False,,11,9
flow=From-Botnet-V50-8-TCP-Established-HTTP-Ad-30,1.0,False,,11,9
flow=From-Botnet-V50-10-TCP-Established-HTTP-Ad-40,1.0,False,,11,9
flow=From-Botnet-V50-7-TCP-Established-SSL-To-Microsoft-3,1.0,False,,11,9
flow=From-Botnet-V50-9-TCP-Established-HTTP-Ad-54,1.0,False,,11,9
flow=From-Botnet-V50-5-TCP-Established-HTTP-Ad-62,1.0,False,,11,9
flow=From-Botnet-V50-9-TCP-Established-HTTP-Ad-32,1.0,False,,11,9
flow=From-Botnet-V50-5-TCP-Established-SSL-To-Microsoft-4,1.0,False,,11,9
flow=From-Botnet-V50-10-TCP-Established-HTTP-Ad-44,1.0,False,,11,9
flow=From-Botnet-V50-4-UDP-Attempt-DNS,1.0,False,,11,9
flow=From-Botnet-V50-9-TCP-Established-HTTP-Ad-33,1.0,False,,11,9
flow=From-Botnet-V50-6-TCP-Established-HTTP-Ad-45,1.0,False,,11,9
flow=From-Botnet-V54-TCP-Established-HTTP-Ad-yieldmanager-8,1.0,False,,11,13
flow=From-Botnet-V54-TCP-Established-HTTP-Ad-34,1.0,False,,11,13
flow=From-Botnet-V54-TCP-Established-HTTP-Ad-41,1.0,False,,11,13
flow=From-Botnet-V42-TCP-HTTP-Google-Net-Established-6,1.0,False,,10,1
flow=From-Botnet-V42-TCP-CC6-Plain-HTTP-Encrypted-Data,1.0,False,,10,1
flow=From-Botnet-V43-TCP-CC6-Plain-HTTP-Encrypted-Data,1.0,False,,10,2
flow=From-Botnet-V46-TCP-WEB-Established-SSL,1.0,False,,10,5
flow=From-Botnet-V46-TCP-Established-HTTP-To-Microsoft-7,1.0,False,,10,5
flow=From-Botnet-V50-1-TCP-Established-HTTP-Ad-11,1.0,False,,10,9
flow=From-Botnet-V50-1-TCP-Established-HTTP-Ad-16,1.0,False,,10,9
flow=From-Botnet-V50-1-TCP-Established-HTTP-Ad-45,1.0,False,,10,9
flow=From-Botnet-V50-3-TCP-Established-HTTP-Ad-16,1.0,False,,10,9
flow=From-Botnet-V50-4-TCP-Established-HTTP-Ad-60,1.0,False,,10,9
flow=From-Botnet-V50-6-TCP-Established-HTTP-Ad-30,1.0,False,,10,9
flow=From-Botnet-V50-4-TCP-Established-HTTP-Ad-49,1.0,False,,10,9
flow=From-Botnet-V50-7-TCP-Established-HTTP-Ad-37,1.0,False,,10,9
flow=From-Botnet-V50-7-TCP-Established-HTTP-Ad-11,1.0,False,,10,9
flow=From-Botnet-V50-5-TCP-Established-HTTP-Ad-44,1.0,False,,10,9
flow=From-Botnet-V50-5-TCP-Established-HTTP-Ad-33,1.0,False,,10,9
flow=From-Botnet-V50-7-TCP-Established-SSL-To-Microsoft-4,1.0,False,,10,9
flow=From-Botnet-V50-2-TCP-Established-HTTP-Ad-11,1.0,False,,10,9
flow=From-Botnet-V54-ICMP,1.0,False,,10,13
flow=From-Botnet-V54-TCP-Established-HTTP-Ad-3,1.0,False,,10,13
flow=From-Botnet-V42-TCP-CC55-Custom-Encryption,1.0,False,,9,1
flow=From-Botnet-V42-TCP-Established-HTTP-Ad-41,1.0,False,,9,1
flow=From-Botnet-V42-TCP-Established-HTTP-Ad-7,1.0,False,,9,1
flow=From-Botnet-V46-TCP-Established-HTTP-To-Microsoft-5,1.0,False,,9,5
flow=From-Botnet-V46-TCP-Established-HTTP-To-Microsoft-4,1.0,False,,9,5
flow=From-Botnet-V50-8-TCP-HTTP-Google-Net-Established-6,1.0,False,,9,9
flow=From-Botnet-V50-1-TCP-CC5-Plain-HTTP-Encrypted-Data,1.0,False,,9,9
flow=From-Botnet-V50-1-TCP-CC12-HTTP-Not-Encrypted,1.0,False,,9,9
flow=From-Botnet-V50-1-TCP-Established-HTTP-Ad-25,1.0,False,,9,9
flow=From-Botnet-V50-2-TCP-CC5-Plain-HTTP-Encrypted-Data,1.0,False,,9,9
flow=From-Botnet-V50-3-TCP-CC5-Plain-HTTP-Encrypted-Data,1.0,False,,9,9
flow=From-Botnet-V50-4-TCP-CC5-Plain-HTTP-Encrypted-Data,1.0,False,,9,9
flow=From-Botnet-V50-1-TCP-Established-HTTP-Ad-51,1.0,False,,9,9
flow=From-Botnet-V50-5-TCP-CC5-Plain-HTTP-Encrypted-Data,1.0,False,,9,9
flow=From-Botnet-V50-6-TCP-CC5-Plain-HTTP-Encrypted-Data,1.0,False,,9,9
flow=From-Botnet-V50-4-TCP-Established-HTTP-Ad-59,1.0,False,,9,9
flow=From-Botnet-V50-4-TCP-Established-HTTP-Ad-62,1.0,False,,9,9
flow=From-Botnet-V50-7-TCP-CC5-Plain-HTTP-Encrypted-Data,1.0,False,,9,9
flow=From-Botnet-V50-8-TCP-CC5-Plain-HTTP-Encrypted-Data,1.0,False,,9,9
flow=From-Botnet-V50-5-TCP-Established-HTTP-Ad-6,1.0,False,,9,9
flow=From-Botnet-V50-6-TCP-Established-HTTP-Ad-40,1.0,False,,9,9
flow=From-Botnet-V50-8-TCP-Established-HTTP-Ad-44,1.0,False,,9,9
flow=From-Botnet-V50-9-TCP-CC5-Plain-HTTP-Encrypted-Data,1.0,False,,9,9
flow=From-Botnet-V50-2-TCP-HTTP-Google-Net-Established-2,1.0,False,,9,9
flow=From-Botnet-V50-10-TCP-CC5-Plain-HTTP-Encrypted-Data,1.0,False,,9,9
flow=From-Botnet-V50-8-TCP-Established-HTTP-Ad-16,1.0,False,,9,9
flow=From-Botnet-V50-7-TCP-Established-HTTP-Ad-40,1.0,False,,9,9
flow=From-Botnet-V50-2-TCP-Established-HTTP-Ad-18,1.0,False,,9,9
flow=From-Botnet-V50-8-TCP-Established-HTTP-Ad-40,1.0,False,,9,9
flow=From-Botnet-V50-7-TCP-Established-HTTP-Ad-45,1.0,False,,9,9
flow=From-Botnet-V50-3-TCP-Established-HTTP-Ad-53,1.0,False,,9,9
flow=From-Botnet-V50-10-TCP-Established-HTTP-Ad-16,1.0,False,,9,9
flow=From-Botnet-V50-10-TCP-HTTP-Google-Net-Established-7,1.0,False,,9,9
flow=From-Botnet-V50-10-TCP-Established-HTTP-Ad-11,1.0,False,,9,9
flow=From-Botnet-V50-4-TCP-Established-HTTP-Ad-6,1.0,False,,9,9
flow=From-Botnet-V50-10-TCP-Established-HTTP-Ad-7,1.0,False,,9,9
flow=From-Botnet-V50-7-TCP-Established-HTTP-Ad-yieldmanager-8,1.0,False,,9,9
flow=From-Botnet-V50-2-TCP-Established-HTTP-Ad-12,1.0,False,,9,9
flow=From-Botnet-V50-9-TCP-Established-HTTP-Ad-25,1.0,False,,9,9
flow=From-Botnet-V50-2-TCP-Established-HTTP-Ad-30,1.0,False,,9,9
flow=From-Botnet-V50-5-TCP-Established-SSL-To-Microsoft-2,1.0,False,,9,9
flow=From-Botnet-V50-7-TCP-Established-HTTP-Ad-20,1.0,False,,9,9
flow=From-Botnet-V50-2-UDP-Attempt-DNS,1.0,False,,9,9
flow=From-Botnet-V54-TCP-Established-HTTP-Ad-51,1.0,False,,9,13
flow=From-Botnet-V54-TCP-Established-HTTP-Ad-22,1.0,False,,9,13
flow=From-Botnet-V42-TCP-Established-HTTP-Ad-45,1.0,False,,8,1
flow=From-Botnet-V43-TCP-Established-HTTP-Ad-3,1.0,False,,8,2
flow=From-Botnet-V43-TCP-Established-HTTP-Ad-55,1.0,False,,8,2
flow=From-Botnet-V48-TCP-WEB-Established,1.0,False,,8,7
flow=From-Botnet-V50-1-TCP-Established-HTTP-Ad-34,1.0,False,,8,9
flow=From-Botnet-V50-1-TCP-Established-HTTP-Ad-19,1.0,False,,8,9
flow=From-Botnet-V50-1-TCP-Established-HTTP-Ad-53,1.0,False,,8,9
flow=From-Botnet-V50-1-TCP-Established-HTTP-Ad-47,1.0,False,,8,9
flow=From-Botnet-V50-3-TCP-Established-HTTP-Ad-37,1.0,False,,8,9
flow=From-Botnet-V50-3-TCP-Established-HTTP-Ad-6,1.0,False,,8,9
flow=From-Botnet-V50-4-TCP-Established-HTTP-Ad-16,1.0,False,,8,9
flow=From-Botnet-V50-5-TCP-Established-HTTP-Ad-16,1.0,False,,8,9
flow=From-Botnet-V50-5-TCP-Established-HTTP-Ad-23,1.0,False,,8,9
flow=From-Botnet-V50-2-TCP-Established-HTTP-Ad-54,1.0,False,,8,9
flow=From-Botnet-V50-8-TCP-Established-HTTP-Ad-45,1.0,False,,8,9
flow=From-Botnet-V50-10-TCP-Established-HTTP-Ad-57,1.0,False,,8,9
flow=From-Botnet-V50-7-TCP-Established-HTTP-Ad-12,1.0,False,,8,9
flow=From-Botnet-V50-9-TCP-Established-HTTP-Adobe-4,1.0,False,,8,9
flow=From-Botnet-V50-9-TCP-Established-HTTP-Ad-yieldmanager-8,1.0,False,,8,9
flow=From-Botnet-V50-9-TCP-Established-HTTP-Ad-40,1.0,False,,8,9
flow=From-Botnet-V50-9-TCP-Established-HTTP-Ad-12,1.0,False,,8,9
flow=From-Botnet-V50-7-TCP-Established-HTTP-Ad-18,1.0,False,,8,9
flow=From-Botnet-V51-1-TCP-HTTP-Google-Net-Established-6,1.0,False,,8,10;11;12
flow=From-Botnet-V51-2-TCP-HTTP-Google-Net-Established-6,1.0,False,,8,10;11;12
flow=From-Botnet-V54-TCP-Established,1.0,False,,8,13
flow=From-Botnet-V42-TCP-Established-HTTP-Ad-25,1.0,False,,7,1
flow=From-Botnet-V42-TCP-Established-HTTP-Ad-48,1.0,False,,7,1
flow=From-Botnet-V43-TCP-Established-HTTP-Ad-10,1.0,False,,7,2
flow=From-Botnet-V46-TCP-CC5-Plain-HTTP-Encrypted-Data,1.0,False,,7,5
flow=From-Botnet-V46-TCP-Established-HTTP-To-Microsoft-Live-1,1.0,False,,7,5
flow=From-Botnet-V46-TCP-Established-HTTP-To-Microsoft-Live-3,1.0,False,,7,5
flow=From-Botnet-V48-TCP-CC77-HTTP-Not-Encrypted,1.0,False,,7,7
flow=From-Botnet-V50-1-TCP-Established-HTTP-Ad-59,1.0,False,,7,9
flow=From-Botnet-V50-1-TCP-Established-HTTP-Ad-50,1.0,False,,7,9
flow=From-Botnet-V50-1-TCP-Established-To-AVG-1,1.0,False,,7,9
flow=From-Botnet-V50-6-TCP-Established,1.0,False,,7,9
flow=From-Botnet-V50-4-TCP-Established-HTTP-Ad-54,1.0,False,,7,9
flow=From-Botnet-V50-3-TCP-Established-HTTP-Ad-48,1.0,False,,7,9
flow=From-Botnet-V50-4-TCP-Established-HTTP-Ad-40,1.0,False,,7,9
flow=From-Botnet-V50-7-TCP-Established,1.0,False,,7,9
flow=From-Botnet-V50-5-TCP-Established-HTTP-Ad-53,1.0,False,,7,9
flow=From-Botnet-V50-3-TCP-Established-HTTP-Ad-11,1.0,False,,7,9
flow=From-Botnet-V50-3-TCP-Established-HTTP-Ad-47,1.0,False,,7,9
flow=From-Botnet-V50-4-TCP-Established-HTTP-Ad-52,1.0,False,,7,9
flow=From-Botnet-V50-8-TCP-Established-HTTP-To-Microsoft-1,1.0,False,,7,9
flow=From-Botnet-V50-6-TCP-Established-HTTP-Ad-6,1.0,False,,7,9
flow=From-Botnet-V50-2-TCP-Established-SSL-To-Microsoft-7,1.0,False,,7,9
flow=From-Botnet-V50-2-TCP-HTTP-Google-Net-Established-7,1.0,False,,7,9
flow=From-Botnet-V50-6-TCP-Established-HTTP-Ad-54,1.0,False,,7,9
flow=From-Botnet-V50-5-TCP-Established-HTTP-Ad-37,1.0,False,,7,9
flow=From-Botnet-V50-10-TCP-Established-HTTP-Ad-23,1.0,False,,7,9
flow=From-Botnet-V50-6-TCP-Established-HTTP-Ad-60,1.0,False,,7,9
flow=From-Botnet-V50-2-TCP-Established-HTTP-Ad-42,1.0,False,,7,9
flow=From-Botnet-V50-9-TCP-Established-HTTP-Ad-10,1.0,False,,7,9
flow=From-Botnet-V50-4-TCP-Established-HTTP-Ad-34,1.0,False,,7,9
flow=From-Botnet-V50-10-TCP-Established-HTTP-Ad-25,1.0,False,,7,9
flow=From-Botnet-V50-10-TCP-Established-HTTP-Ad-6,1.0,False,,7,9
flow=From-Botnet-V51-3-TCP-HTTP-Google-Net-Established-6,1.0,False,,7,10;11;12
flow=From-Botnet-V54-TCP-Established-HTTP-Ad-28,1.0,False,,7,13
flow=From-Botnet-V54-TCP-Established-HTTP-Ad-60,1.0,False,,7,13
flow=From-Botnet-V42-TCP-Established-HTTP-Binary-Download-3,1.0,False,,6,1
flow=From-Botnet-V42-UDP-Established,1.0,False,,6,1
flow=From-Botnet-V42-TCP-Established-HTTP-Ad-6,1.0,False,,6,1
flow=From-Botnet-V43-TCP-Established-Custom-Encryption-5,1.0,False,,6,2
flow=From-Botnet-V43-TCP-Established-HTTP-Ad-42,1.0,False,,6,2
flow=From-Botnet-V43-TCP-Established-HTTP-Ad-28,1.0,False,,6,2
flow=From-Botnet-V44-UDP-DNS,1.0,False,,6,3
flow=From-Botnet-V46-TCP-Established-SSL-To-Microsoft-4,1.0,False,,6,5
flow=From-Botnet-V46-TCP-Established-HTTP-To-Microsoft-Live-2,1.0,False,,6,5
flow=From-Botnet-V50-1-TCP-Established-HTTP-Ad-49,1.0,False,,6,9
flow=From-Botnet-V50-1-TCP-Established-HTTP-To-Microsoft-1,1.0,False,,6,9
flow=From-Botnet-V50-1-TCP-Established-HTTP-To-Microsoft-2,1.0,False,,6,9
flow=From-Botnet-V50-3-TCP-Established-HTTP-Ad-52,1.0,False,,6,9
flow=From-Botnet-V50-7-TCP-Established-HTTP-Ad-64,1.0,False,,6,9
flow=From-Botnet-V50-5-TCP-Established-HTTP-Ad-7,1.0,False,,6,9
flow=From-Botnet-V50-7-TCP-CC12-HTTP-Not-Encrypted,1.0,False,,6,9
flow=From-Botnet-V50-6-TCP-Established-HTTP-Ad-55,1.0,False,,6,9
flow=From-Botnet-V50-8-TCP-HTTP-Google-Net-Established-2,1.0,False,,6,9
flow=From-Botnet-V50-8-TCP-Established-HTTP-Ad-18,1.0,False,,6,9
flow=From-Botnet-V50-6-TCP-HTTP-Google-Net-Established-7,1.0,False,,6,9
flow=From-Botnet-V50-5-TCP-Established-HTTP-Ad-60,1.0,False,,6,9
flow=From-Botnet-V50-4-TCP-Established-HTTP-Ad-53,1.0,False,,6,9
flow=From-Botnet-V50-2-TCP-Established-HTTP-Adobe-4,1.0,False,,6,9
flow=From-Botnet-V50-2-TCP-Established-HTTP-Ad-51,1.0,False,,6,9
flow=From-Botnet-V50-10-TCP-Established-HTTP-Ad-18,1.0,False,,6,9
flow=From-Botnet-V50-10-TCP-Established-HTTP-Ad-53,1.0,False,,6,9
flow=From-Botnet-V50-5-TCP-Established-HTTP-Ad-47,1.0,False,,6,9
flow=From-Botnet-V50-7-UDP-Attempt-DNS,1.0,False,,6,9
flow=From-Botnet-V50-9-TCP-HTTP-Google-Net-Established-7,1.0,False,,6,9
flow=From-Botnet-V50-3-TCP-Established-HTTP-Ad-42,1.0,False,,6,9
flow=From-Botnet-V50-9-TCP-Established-HTTP-Ad-41,1.0,False,,6,9
flow=From-Botnet-V50-5-UDP-Attempt-DNS,1.0,False,,6,9
flow=From-Botnet-V50-7-TCP-Established-HTTP-Ad-41,1.0,False,,6,9
flow=From-Botnet-V54-TCP-Established-HTTP-Binary-Download-Custom-Port-5,1.0,False,,6,13
flow=From-Botnet-V54-TCP-Established-HTTP-Ad-45,1.0,False,,6,13
flow=From-Botnet-V54-TCP-Established-HTTP-Ad-43,1.0,False,,6,13
flow=From-Botnet-V42-TCP-Established-Custom-Encryption-3,1.0,False,,5,1
flow=From-Botnet-V42-TCP-Established-Custom-Encryption-2,1.0,False,,5,1
flow=From-Botnet-V43-UDP-Established,1.0,False,,5,2
flow=From-Botnet-V43-TCP-Established-HTTP-Ad-62,1.0,False,,5,2
flow=From-Botnet-V43-TCP-Established-HTTP-Ad-4,1.0,False,,5,2
flow=From-Botnet-V43-TCP-Established-HTTP-Ad-59,1.0,False,,5,2
flow=From-Botnet-V43-TCP-Established-HTTP-Ad-30,1.0,False,,5,2
flow=From-Botnet-V43-TCP-Established-HTTP-Ad-63,1.0,False,,5,2
flow=From-Botnet-V43-TCP-Established-HTTP-Ad-47,1.0,False,,5,2
flow=From-Botnet-V43-TCP-Established-HTTP-Ad-50,1.0,False,,5,2
flow=From-Botnet-V43-TCP-Established-HTTP-Ad-22,1.0,False,,5,2
flow=From-Botnet-V43-TCP-Established-HTTP-Ad-11,1.0,False,,5,2
flow=From-Botnet-V43-TCP-Established-HTTP-Ad-52,1.0,False,,5,2
flow=From-Botnet-V45-TCP-HTTP-Google-Net-Established-6,1.0,False,,5,4
flow=From-Botnet-V45-TCP-CC106-IRC-Not-Encrypted,1.0,False,,5,4
flow=From-Botnet-V46-TCP-WEB-Established,1.0,False,,5,5
flow=From-Botnet-V46-TCP-CC1-HTTP-Not-Encrypted,1.0,False,,5,5
flow=From-Botnet-V46-TCP-Established-SSL-To-Microsoft-5,1.0,False,,5,5
flow=From-Botnet-V50-1-TCP-Established-HTTP-Binary-Download-3,1.0,False,,5,9
flow=From-Botnet-V50-1-TCP-Established-HTTP-Ad-6,1.0,False,,5,9
flow=From-Botnet-V50-1-ICMP,1.0,False,,5,9
flow=From-Botnet-V50-2-TCP-Established-HTTP-Binary-Download-3,1.0,False,,5,9
flow=From-Botnet-V50-1-TCP-Established-HTTP-Ad-60,1.0,False,,5,9
flow=From-Botnet-V50-3-TCP-Established-HTTP-Binary-Download-3,1.0,False,,5,9
flow=From-Botnet-V50-2-TCP-Established-HTTP-Ad-60,1.0,False,,5,9
flow=From-Botnet-V50-3-TCP-Established-HTTP-Ad-51,1.0,False,,5,9
flow=From-Botnet-V50-4-TCP-CC107-Plain-HTTP-Encrypted-Data,1.0,False,,5,9
flow=From-Botnet-V50-4-TCP-Established-HTTP-Binary-Download-3,1.0,False,,5,9
flow=From-Botnet-V50-1-TCP-Established-HTTP-Ad-42,1.0,False,,5,9
flow=From-Botnet-V50-5-TCP-Established-HTTP-Binary-Download-3,1.0,False,,5,9
flow=From-Botnet-V50-6-TCP-Established-HTTP-Binary-Download-3,1.0,False,,5,9
flow=From-Botnet-V50-7-TCP-Established-HTTP-Binary-Download-3,1.0,False,,5,9
flow=From-Botnet-V50-8-TCP-Established-HTTP-Binary-Download-3,1.0,False,,5,9
flow=From-Botnet-V50-9-TCP-Established,1.0,False,,5,9
flow=From-Botnet-V50-5-TCP-Established-HTTP-Ad-49,1.0,False,,5,9
flow=From-Botnet-V50-9-TCP-Established-HTTP-Binary-Download-3,1.0,False,,5,9
flow=From-Botnet-V50-6-TCP-Established-HTTP-Ad-11,1.0,False,,5,9
flow=From-Botnet-V50-6-TCP-Established-HTTP-Ad-24,1.0,False,,5,9
flow=From-Botnet-V50-6-TCP-Established-HTTP-Ad-4,1.0,False,,5,9
flow=From-Botnet-V50-10-TCP-Established-HTTP-Binary-Download-3,1.0,False,,5,9
flow=From-Botnet-V50-4-TCP-Established-HTTP-Ad-5,1.0,False,,5,9
flow=From-Botnet-V50-2-TCP-Established-HTTP-Ad-25,1.0,False,,5,9
flow=From-Botnet-V50-7-TCP-Established-HTTP-Ad-57,1.0,False,,5,9
flow=From-Botnet-V50-7-TCP-Established-HTTP-Ad-32,1.0,False,,5,9
flow=From-Botnet-V50-6-TCP-Established-HTTP-To-Microsoft-1,1.0,False,,5,9
flow=From-Botnet-V50-6-TCP-Established-HTTP-To-Microsoft-2,1.0,False,,5,9
flow=From-Botnet-V50-1-TCP-Established-HTTP-Ad-28,1.0,False,,5,9
flow=From-Botnet-V50-10-TCP-Established-HTTP-Ad-48,1.0,False,,5,9
flow=From-Botnet-V50-10-TCP-Established-HTTP-Ad-60,1.0,False,,5,9
flow=From-Botnet-V50-3-TCP-Established-HTTP-Ad-41,1.0,False,,5,9
flow=From-Botnet-V50-9-TCP-Established-SSL-To-Microsoft-7,1.0,False,,5,9
flow=From-Botnet-V50-2-TCP-Established-HTTP-Ad-50,1.0,False,,5,9
flow=From-Botnet-V50-7-TCP-HTTP-Google-Net-Established-7,1.0,False,,5,9
flow=From-Botnet-V50-7-TCP-Established-HTTP-To-Microsoft-2,1.0,False,,5,9
flow=From-Botnet-V54-TCP-Established-HTTP-Binary-Download-3,1.0,False,,5,13
flow=From-Botnet-V54-TCP-Established-HTTP-Ad-59,1.0,False,,5,13
flow=From-Botnet-V54-TCP-Established-HTTP-Ad-53,1.0,False,,5,13
flow=From-Botnet-V42-TCP-Established-HTTP-Ad-59,1.0,False,,4,1
flow=From-Botnet-V42-TCP-Established-HTTP-Ad-12,1.0,False,,4,1
flow=From-Botnet-V42-TCP-Established-HTTP-Ad-51,1.0,False,,4,1
flow=From-Botnet-V42-TCP-Established-HTTP-Ad-50,1.0,False,,4,1
flow=From-Botnet-V42-TCP-Established-HTTP-Ad-52,1.0,False,,4,1
flow=From-Botnet-V43-TCP-Established-Custom-Encryption-4,1.0,False,,4,2
flow=From-Botnet-V43-TCP-Established-Custom-Encryption-6,1.0,False,,4,2
flow=From-Botnet-V44-TCP-WEB-Established,1.0,False,,4,3
flow=From-Botnet-V46-TCP-Established-HTTP-Binary-Download-3,1.0,False,,4,5
flow=From-Botnet-V50-1-TCP-Established-HTTP-Ad-10,1.0,False,,4,9
flow=From-Botnet-V50-1-TCP-Established-HTTP-Ad-52,1.0,False,,4,9
flow=From-Botnet-V50-2-TCP-Established,1.0,False,,4,9
flow=From-Botnet-V50-2-TCP-CC107-Plain-HTTP-Encrypted-Data,1.0,False,,4,9
flow=From-Botnet-V50-3-TCP-Established,1.0,False,,4,9
flow=From-Botnet-V50-3-TCP-Established-HTTP-Ad-19,1.0,False,,4,9
flow=From-Botnet-V50-3-TCP-Established-HTTP-Ad-18,1.0,False,,4,9
flow=From-Botnet-V50-3-TCP-Established-HTTP-Ad-59,1.0,False,,4,9
flow=From-Botnet-V50-1-TCP-Established-HTTP-Ad-48,1.0,False,,4,9
flow=From-Botnet-V50-4-TCP-HTTP-Google-Net-Established-2,1.0,False,,4,9
flow=From-Botnet-V50-5-TCP-Established-HTTP-Ad-48,1.0,False,,4,9
flow=From-Botnet-V50-6-UDP-Attempt-DNS,1.0,False,,4,9
flow=From-Botnet-V50-6-TCP-Established-HTTP-Ad-49,1.0,False,,4,9
flow=From-Botnet-V50-6-TCP-Established-HTTP-Ad-57,1.0,False,,4,9
flow=From-Botnet-V50-2-TCP-Established-HTTP-Ad-7,1.0,False,,4,9
flow=From-Botnet-V50-7-TCP-Established-HTTP-Ad-23,1.0,False,,4,9
flow=From-Botnet-V50-8-TCP-HTTP-Google-Net-Established-7,1.0,False,,4,9
flow=From-Botnet-V50-2-TCP-Established-HTTP-Ad-47,1.0,False,,4,9
flow=From-Botnet-V50-7-TCP-Established-HTTP-Ad-10,1.0,False,,4,9
flow=From-Botnet-V50-8-TCP-Established-HTTP-Ad-49,1.0,False,,4,9
flow=From-Botnet-V50-3-TCP-Established-HTTP-Ad-28,1.0,False,,4,9
flow=From-Botnet-V50-3-TCP-Established-HTTP-Ad-7,1.0,False,,4,9
flow=From-Botnet-V50-4-TCP-Established-HTTP-Ad-43,1.0,False,,4,9
flow=From-Botnet-V50-10-TCP-Established-HTTP-Ad-5,1.0,False,,4,9
flow=From-Botnet-V50-7-TCP-Established-HTTP-Ad-51,1.0,False,,4,9
flow=From-Botnet-V50-5-TCP-Established-HTTP-Ad-54,1.0,False,,4,9
flow=From-Botnet-V50-7-TCP-Established-HTTP-Ad-50,1.0,False,,4,9
flow=From-Botnet-V50-6-TCP-Established-HTTP-Ad-50,1.0,False,,4,9
flow=From-Botnet-V50-10-TCP-Established-HTTP-Ad-50,1.0,False,,4,9
flow=From-Botnet-V50-7-TCP-Established-HTTP-Ad-52,1.0,False,,4,9
flow=From-Botnet-V50-10-TCP-Established-HTTP-Ad-20,1.0,False,,4,9
flow=From-Botnet-V50-10-TCP-Established-HTTP-Ad-51,1.0,False,,4,9
flow=From-Botnet-V50-10-TCP-Established-HTTP-Ad-42,1.0,False,,4,9
flow=From-Botnet-V50-8-TCP-Established-HTTP-Ad-6,1.0,False,,4,9
flow=From-Botnet-V50-8-TCP-Established-HTTP-Ad-53,1.0,False,,4,9
flow=From-Botnet-V50-3-TCP-Established-HTTP-Ad-57,1.0,False,,4,9
flow=From-Botnet-V50-7-TCP-Established-HTTP-Ad-47,1.0,False,,4,9
flow=From-Botnet-V50-9-TCP-Established-HTTP-Ad-30,1.0,False,,4,9
flow=From-Botnet-V50-9-TCP-Established-HTTP-Ad-49,1.0,False,,4,9
flow=From-Botnet-V50-6-TCP-Established-HTTP-Ad-28,1.0,False,,4,9
flow=From-Botnet-V50-4-TCP-Established-HTTP-Ad-7,1.0,False,,4,9
flow=From-Botnet-V50-9-TCP-Established-HTTP-Ad-42,1.0,False,,4,9
flow=From-Botnet-V50-9-TCP-Established-HTTP-Ad-45,1.0,False,,4,9
flow=From-Botnet-V50-7-TCP-Established-HTTP-Adobe-4,1.0,False,,4,9
flow=From-Botnet-V50-10-TCP-Established-HTTP-Ad-37,1.0,False,,4,9
flow=From-Botnet-V50-7-TCP-Established-HTTP-To-Microsoft-1,1.0,False,,4,9
flow=From-Botnet-V50-8-TCP-Established-HTTP-Ad-52,1.0,False,,4,9
flow=From-Botnet-V50-2-ICMP,1.0,False,,4,9
flow=From-Botnet-V50-6-TCP-Established-HTTP-Ad-51,1.0,False,,4,9
flow=From-Botnet-V50-10-TCP-Established-HTTP-Ad-49,1.0,False,,4,9
flow=From-Botnet-V50-8-TCP-Established-HTTP-Ad-51,1.0,False,,4,9
flow=From-Botnet-V51-10-TCP-CC106-IRC-Not-Encrypted,1.0,False,,4,10
flow=From-Botnet-V51-7-TCP-CC106-IRC-Not-Encrypted,1.0,False,,4,10
flow=From-Botnet-V51-3-TCP-CC106-IRC-Not-Encrypted,1.0,False,,4,10;11
flow=From-Botnet-V51-1-TCP-CC106-IRC-Not-Encrypted,1.0,False,,4,10
flow=From-Botnet-V51-6-TCP-CC106-IRC-Not-Encrypted,1.0,False,,4,10
flow=From-Botnet-V51-3-UDP-CC108-Established-P2P-Not-Encrypted-1,1.0,False,,4,12
flow=From-Botnet-V51-2-UDP-CC108-Established-P2P-Not-Encrypted-1,1.0,False,,4,12
flow=From-Botnet-V54-TCP-Established-SSL-To-Microsoft-7,1.0,False,,4,13
flow=From-Botnet-V54-TCP-Established-HTTP-Ad-18,1.0,False,,4,13
flow=From-Botnet-V54-TCP-Established-HTTP-Ad-24,1.0,False,,4,13
flow=From-Botnet-V42-TCP-Established-HTTP-Binary-Download-1,1.0,False,,3,1
flow=From-Botnet-V42-TCP-Established-HTTP-Ad-5,1.0,False,,3,1
flow=From-Botnet-V42-TCP-Established-HTTP-Ad-53,1.0,False,,3,1
flow=From-Botnet-V42-TCP-Established-HTTP-Ad-47,1.0,False,,3,1
flow=From-Botnet-V42-TCP-Established-HTTP-Ad-57,1.0,False,,3,1
flow=From-Botnet-V42-TCP-Established-HTTP-Ad-28,1.0,False,,3,1
flow=From-Botnet-V42-TCP-Established-HTTP-Ad-42,1.0,False,,3,1
flow=From-Botnet-V42-TCP-Established-HTTP-Ad-33,1.0,False,,3,1
flow=From-Botnet-V43-TCP-Established-HTTP-Binary-Download-3,1.0,False,,3,2
flow=From-Botnet-V43-TCP-Established-HTTP-Ad-64,1.0,False,,3,2
flow=From-Botnet-V43-TCP-Established-HTTP-Ad-27,1.0,False,,3,2
flow=From-Botnet-V43-TCP-Established-HTTP-Ad-7,1.0,False,,3,2
flow=From-Botnet-V43-TCP-Established-HTTP-Adobe-4,1.0,False,,3,2
flow=From-Botnet-V43-TCP-Established-HTTP-Ad-48,1.0,False,,3,2
flow=From-Botnet-V43-TCP-HTTP-Google-Net-Established-2,1.0,False,,3,2
flow=From-Botnet-V43-TCP-Established-HTTP-Ad-24,1.0,False,,3,2
flow=From-Botnet-V43-TCP-Established-HTTP-Ad-6,1.0,False,,3,2
flow=From-Botnet-V44-UDP-Attempt,1.0,False,,3,3
flow=From-Botnet-V45-TCP-Attempt,1.0,False,,3,4
flow=From-Botnet-V45-TCP-Established-HTTP-Ad-40,1.0,False,,3,4
flow=From-Botnet-V46-TCP-Established-SSL-To-Microsoft-3,1.0,False,,3,5
flow=From-Botnet-V46-UDP-Attempt-DNS,1.0,False,,3,5
flow=From-Botnet-V48-TCP-Attempt,1.0,False,,3,7
flow=From-Botnet-V49-TCP-Established-HTTP-Ad-40,1.0,False,,3,8
flow=From-Botnet-V49-UDP-Attempt,1.0,False,,3,8
flow=From-Botnet-V50-1-UDP-Attempt,1.0,False,,3,9
flow=From-Botnet-V50-2-UDP-Attempt,1.0,False,,3,9
flow=From-Botnet-V50-3-UDP-Attempt,1.0,False,,3,9
flow=From-Botnet-V50-4-UDP-Attempt,1.0,False,,3,9
flow=From-Botnet-V50-5-UDP-Attempt,1.0,False,,3,9
flow=From-Botnet-V50-6-UDP-Attempt,1.0,False,,3,9
flow=From-Botnet-V50-7-UDP-Attempt,1.0,False,,3,9
flow=From-Botnet-V50-10-UDP-Attempt,1.0,False,,3,9
flow=From-Botnet-V50-9-ICMP,1.0,False,,3,9
flow=From-Botnet-V50-1-TCP-Established-Custom-Encryption-4,1.0,False,,3,9
flow=From-Botnet-V50-1-TCP-Established-HTTP-Binary-Download-2,1.0,False,,3,9
flow=From-Botnet-V50-2-TCP-Established-HTTP-Ad-5,1.0,False,,3,9
flow=From-Botnet-V50-1-TCP-Established-HTTP-Ad-57,1.0,False,,3,9
flow=From-Botnet-V50-4-TCP-Established-Custom-Encryption-4,1.0,False,,3,9
flow=From-Botnet-V50-3-TCP-Established-HTTP-Ad-5,1.0,False,,3,9
flow=From-Botnet-V50-5-TCP-Established-Custom-Encryption-4,1.0,False,,3,9
flow=From-Botnet-V50-2-TCP-HTTP-Not-Encrypted-Down-3,1.0,False,,3,9
flow=From-Botnet-V50-8-TCP-Established,1.0,False,,3,9
flow=From-Botnet-V50-8-TCP-CC107-Plain-HTTP-Encrypted-Data,1.0,False,,3,9
flow=From-Botnet-V50-5-TCP-Established-HTTP-Ad-43,1.0,False,,3,9
flow=From-Botnet-V50-6-TCP-Established-HTTP-Binary-Download-2,1.0,False,,3,9
flow=From-Botnet-V50-6-TCP-Established-HTTP-Ad-5,1.0,False,,3,9
flow=From-Botnet-V50-6-TCP-Established-HTTP-Ad-53,1.0,False,,3,9
flow=From-Botnet-V50-8-TCP-Established-HTTP-Ad-54,1.0,False,,3,9
flow=From-Botnet-V50-4-TCP-Established-HTTP-Ad-50,1.0,False,,3,9
flow=From-Botnet-V50-10-TCP-Established,1.0,False,,3,9
flow=From-Botnet-V50-7-TCP-Established-Custom-Encryption-7,1.0,False,,3,9
flow=From-Botnet-V50-7-TCP-Established-HTTP-Binary-Download-2,1.0,False,,3,9
flow=From-Botnet-V50-2-TCP-Established-HTTP-Ad-6,1.0,False,,3,9
flow=From-Botnet-V50-2-TCP-Established-HTTP-Ad-20,1.0,False,,3,9
flow=From-Botnet-V50-2-TCP-Established-HTTP-Ad-48,1.0,False,,3,9
flow=From-Botnet-V50-8-TCP-Established-HTTP-Ad-42,1.0,False,,3,9
flow=From-Botnet-V50-2-TCP-Established-HTTP-Ad-28,1.0,False,,3,9
flow=From-Botnet-V50-5-TCP-Established-HTTP-To-Microsoft-1,1.0,False,,3,9
flow=From-Botnet-V50-5-TCP-Established-HTTP-To-Microsoft-2,1.0,False,,3,9
flow=From-Botnet-V50-8-UDP-Attempt-DNS,1.0,False,,3,9
flow=From-Botnet-V50-4-TCP-Established-HTTP-Ad-48,1.0,False,,3,9
flow=From-Botnet-V50-10-TCP-Established-HTTP-Ad-28,1.0,False,,3,9
flow=From-Botnet-V50-9-TCP-Established-HTTP-Ad-28,1.0,False,,3,9
flow=From-Botnet-V50-8-TCP-Established-HTTP-Ad-25,1.0,False,,3,9
flow=From-Botnet-V50-9-TCP-Established-HTTP-To-Microsoft-1,1.0,False,,3,9
flow=From-Botnet-V50-9-TCP-Established-HTTP-To-Microsoft-2,1.0,False,,3,9
flow=From-Botnet-V50-2-TCP-HTTP-Not-Encrypted-Down-1,1.0,False,,3,9
flow=From-Botnet-V50-3-TCP-Established-HTTP-Ad-49,1.0,False,,3,9
flow=From-Botnet-V50-2-TCP-Established-HTTP-Ad-57,1.0,False,,3,9
flow=From-Botnet-V50-10-TCP-Established-HTTP-Adobe-4,1.0,False,,3,9
flow=From-Botnet-V50-7-TCP-Established-HTTP-Ad-59,1.0,False,,3,9
flow=From-Botnet-V50-5-TCP-Established-HTTP-Ad-28,1.0,False,,3,9
flow=From-Botnet-V50-1-TCP-Established-HTTP-Ad-33,1.0,False,,3,9
flow=From-Botnet-V50-4-TCP-Established-HTTP-Ad-33,1.0,False,,3,9
flow=From-Botnet-V50-9-TCP-Established-HTTP-Ad-50,1.0,False,,3,9
flow=From-Botnet-V50-7-TCP-Established-HTTP-Ad-42,1.0,False,,3,9
flow=From-Botnet-V50-5-TCP-Established-HTTP-Ad-57,1.0,False,,3,9
flow=From-Botnet-V50-7-TCP-Established-HTTP-Ad-53,1.0,False,,3,9
flow=From-Botnet-V50-10-TCP-Established-HTTP-Ad-59,1.0,False,,3,9
flow=From-Botnet-V50-4-TCP-Established-HTTP-Ad-47,1.0,False,,3,9
flow=From-Botnet-V50-1-TCP-HTTP-Not-Encrypted-Down-1,1.0,False,,3,9
flow=From-Botnet-V50-6-TCP-Established-HTTP-Ad-42,1.0,False,,3,9
flow=From-Botnet-V50-10-UDP-Attempt-DNS,1.0,False,,3,9
flow=From-Botnet-V50-1-TCP-Established-SSL-To-Microsoft-7,1.0,False,,3,9
flow=From-Botnet-V50-6-TCP-HTTP-Google-Net-Established-2,1.0,False,,3,9
flow=From-Botnet-V51-4-TCP-HTTP-Google-Net-Established-6,1.0,False,,3,10
flow=From-Botnet-V51-5-TCP-HTTP-Google-Net-Established-6,1.0,False,,3,10
flow=From-Botnet-V51-6-TCP-HTTP-Google-Net-Established-6,1.0,False,,3,10
flow=From-Botnet-V51-7-TCP-HTTP-Google-Net-Established-6,1.0,False,,3,10
flow=From-Botnet-V51-8-TCP-HTTP-Google-Net-Established-6,1.0,False,,3,10
flow=From-Botnet-V51-9-TCP-HTTP-Google-Net-Established-6,1.0,False,,3,10
flow=From-Botnet-V51-10-TCP-HTTP-Google-Net-Established-6,1.0,False,,3,10
flow=From-Botnet-V51-2-TCP-Established,1.0,False,,3,10;12
flow=From-Botnet-V51-4-TCP-Established,1.0,False,,3,10
flow=From-Botnet-V51-3-TCP-Established-HTTP-Ad-62,1.0,False,,3,10;12
flow=From-Botnet-V51-2-TCP-CC106-IRC-Not-Encrypted,1.0,False,,3,10;11
flow=From-Botnet-V51-4-TCP-CC106-IRC-Not-Encrypted,1.0,False,,3,10
flow=From-Botnet-V51-1-TCP-Established,1.0,False,,3,10;11;12
flow=From-Botnet-V51-2-TCP-Attempt,1.0,False,,3,12
flow=From-Botnet-V54-TCP-CC7-Custom-Encryption,1.0,False,,3,13
flow=From-Botnet-V54-TCP-Established-HTTP-Ad-48,1.0,False,,3,13
flow=From-Botnet-V54-TCP-Established-HTTP-Ad-11,1.0,False,,3,13
flow=From-Botnet-V54-TCP-Established-HTTP-Ad-5,1.0,False,,3,13
flow=From-Botnet-V54-TCP-Established-HTTP-Ad-7,1.0,False,,3,13
flow=From-Botnet-V54-TCP-Established-HTTP-Ad-52,1.0,False,,3,13
flow=From-Botnet-V54-TCP-Established-HTTP-Ad-57,1.0,False,,3,13
flow=From-Botnet-V42-TCP-Established-HTTP-Binary-Download-Custom-Port-7,1.0,False,,2,1
flow=From-Botnet-V42-TCP-Established-HTTP-Binary-Download-Custom-Port-4,1.0,False,,2,1
flow=From-Botnet-V42-TCP-Established-HTTP-Binary-Download-9,1.0,False,,2,1
flow=From-Botnet-V42-TCP-Established-HTTP-Ad-64,1.0,False,,2,1
flow=From-Botnet-V42-ICMP,1.0,False,,2,1
flow=From-Botnet-V42-TCP-Established-HTTP-Ad-34,1.0,False,,2,1
flow=From-Botnet-V43-TCP-Established-HTTP-Binary-Download-1,1.0,False,,2,2
flow=From-Botnet-V43-TCP-Established-HTTP-Binary-Download-Custom-Port-4,1.0,False,,2,2
flow=From-Botnet-V43-TCP-Established-HTTP-Binary-Download-9,1.0,False,,2,2
flow=From-Botnet-V43-TCP-Established-HTTP-Ad-57,1.0,False,,2,2
flow=From-Botnet-V45-TCP-Established-HTTP-Ad-62,1.0,False,,2,4
flow=From-Botnet-V45-TCP-Established,1.0,False,,2,4
flow=From-Botnet-V46-TCP-Established-HTTP-Binary-Download-1,1.0,False,,2,5
flow=From-Botnet-V49-TCP-Established-HTTP-Binary-Download-11,1.0,False,,2,8
flow=From-Botnet-V50-9-UDP-Attempt,1.0,False,,2,9
flow=From-Botnet-V50-1-TCP-Established-HTTP-Binary-Download-Custom-Port-4,1.0,False,,2,9
flow=From-Botnet-V50-1-TCP-Established-HTTP-Binary-Download-Custom-Port-6,1.0,False,,2,9
flow=From-Botnet-V50-1-TCP-Established-HTTP-Binary-Download-9,1.0,False,,2,9
flow=From-Botnet-V50-1-TCP-Established-HTTP-Ad-5,1.0,False,,2,9
flow=From-Botnet-V50-1-TCP-Established-HTTP-Adobe-4,1.0,False,,2,9
flow=From-Botnet-V50-2-TCP-Established-HTTP-Binary-Download-Custom-Port-4,1.0,False,,2,9
flow=From-Botnet-V50-2-TCP-Established-HTTP-Ad-64,1.0,False,,2,9
flow=From-Botnet-V50-2-TCP-Established-HTTP-Binary-Download-Custom-Port-6,1.0,False,,2,9
flow=From-Botnet-V50-3-TCP-Established-HTTP-Binary-Download-Custom-Port-4,1.0,False,,2,9
flow=From-Botnet-V50-3-TCP-Established-HTTP-Ad-63,1.0,False,,2,9
flow=From-Botnet-V50-3-TCP-Established-HTTP-Binary-Download-Custom-Port-6,1.0,False,,2,9
flow=From-Botnet-V50-3-TCP-Established-HTTP-Binary-Download-9,1.0,False,,2,9
flow=From-Botnet-V50-3-TCP-Established-HTTP-Ad-20,1.0,False,,2,9
flow=From-Botnet-V50-3-TCP-Established-HTTP-Ad-12,1.0,False,,2,9
flow=From-Botnet-V50-4-TCP-Established-HTTP-Binary-Download-Custom-Port-4,1.0,False,,2,9
flow=From-Botnet-V50-4-TCP-Established-HTTP-Binary-Download-Custom-Port-6,1.0,False,,2,9
flow=From-Botnet-V50-4-TCP-Established-HTTP-Binary-Download-9,1.0,False,,2,9
flow=From-Botnet-V50-5-TCP-Established-HTTP-Binary-Download-Custom-Port-4,1.0,False,,2,9
flow=From-Botnet-V50-5-TCP-Established-HTTP-Binary-Download-Custom-Port-6,1.0,False,,2,9
flow=From-Botnet-V50-5-TCP-Established-HTTP-Binary-Download-9,1.0,False,,2,9
flow=From-Botnet-V50-1-TCP-Established,1.0,False,,2,9
flow=From-Botnet-V50-6-TCP-Established-HTTP-Binary-Download-Custom-Port-4,1.0,False,,2,9
flow=From-Botnet-V50-6-TCP-Established-HTTP-Binary-Download-Custom-Port-6,1.0,False,,2,9
flow=From-Botnet-V50-6-TCP-Established-HTTP-Binary-Download-9,1.0,False,,2,9
flow=From-Botnet-V50-7-TCP-Established-HTTP-Binary-Download-Custom-Port-4,1.0,False,,2,9
flow=From-Botnet-V50-7-TCP-Established-HTTP-Binary-Download-Custom-Port-6,1.0,False,,2,9
flow=From-Botnet-V50-8-TCP-Established-HTTP-Binary-Download-Custom-Port-4,1.0,False,,2,9
flow=From-Botnet-V50-7-TCP-Established-HTTP-Binary-Download-9,1.0,False,,2,9
flow=From-Botnet-V50-5-TCP-Established-HTTP-Ad-5,1.0,False,,2,9
flow=From-Botnet-V50-8-TCP-Established-HTTP-Binary-Download-Custom-Port-6,1.0,False,,2,9
flow=From-Botnet-V50-8-TCP-Established-HTTP-Binary-Download-9,1.0,False,,2,9
flow=From-Botnet-V50-8-UDP-Custom-Encryption-1,1.0,False,,2,9
flow=From-Botnet-V50-9-TCP-Established-HTTP-Binary-Download-Custom-Port-4,1.0,False,,2,9
flow=From-Botnet-V50-9-TCP-Established-HTTP-Binary-Download-Custom-Port-6,1.0,False,,2,9
flow=From-Botnet-V50-6-TCP-Established-HTTP-Ad-47,1.0,False,,2,9
flow=From-Botnet-V50-9-TCP-Established-HTTP-Binary-Download-9,1.0,False,,2,9
flow=From-Botnet-V50-9-UDP-Custom-Encryption-1,1.0,False,,2,9
flow=From-Botnet-V50-10-TCP-Established-HTTP-Binary-Download-Custom-Port-4,1.0,False,,2,9
flow=From-Botnet-V50-10-TCP-Established-HTTP-Binary-Download-Custom-Port-6,1.0,False,,2,9
flow=From-Botnet-V50-10-TCP-Established-HTTP-Binary-Download-9,1.0,False,,2,9
flow=From-Botnet-V50-4-TCP-Established-HTTP-Ad-57,1.0,False,,2,9
flow=From-Botnet-V50-8-TCP-Established-HTTP-Adobe-4,1.0,False,,2,9
flow=From-Botnet-V50-10-TCP-HTTP-Not-Encrypted-Down-1,1.0,False,,2,9
flow=From-Botnet-V50-8-TCP-Established-HTTP-To-Microsoft-2,1.0,False,,2,9
flow=From-Botnet-V50-7-TCP-Established-HTTP-Ad-5,1.0,False,,2,9
flow=From-Botnet-V50-8-TCP-Established-HTTP-Ad-59,1.0,False,,2,9
flow=From-Botnet-V50-2-TCP-Established-HTTP-To-Microsoft-2,1.0,False,,2,9
flow=From-Botnet-V50-2-TCP-Established-HTTP-Ad-52,1.0,False,,2,9
flow=From-Botnet-V50-5-TCP-Established-HTTP-Ad-30,1.0,False,,2,9
flow=From-Botnet-V50-6-TCP-HTTP-Not-Encrypted-Down-1,1.0,False,,2,9
flow=From-Botnet-V50-4-TCP-HTTP-Not-Encrypted-Down-3,1.0,False,,2,9
flow=From-Botnet-V50-7-TCP-Established-HTTP-Ad-33,1.0,False,,2,9
flow=From-Botnet-V50-5-TCP-Established-HTTP-Ad-42,1.0,False,,2,9
flow=From-Botnet-V50-10-TCP-HTTP-Google-Net-Established-2,1.0,False,,2,9
flow=From-Botnet-V50-3-TCP-HTTP-Not-Encrypted-Down-3,1.0,False,,2,9
flow=From-Botnet-V50-7-TCP-Established-HTTP-Ad-7,1.0,False,,2,9
flow=From-Botnet-V50-9-TCP-Established-HTTP-Ad-59,1.0,False,,2,9
flow=From-Botnet-V50-8-TCP-Established-HTTP-Ad-57,1.0,False,,2,9
flow=From-Botnet-V50-3-TCP-Established-SSL-To-Microsoft-1,1.0,False,,2,9
flow=From-Botnet-V50-7-TCP-Established-HTTP-Ad-55,1.0,False,,2,9
flow=From-Botnet-V50-9-TCP-Established-HTTP-Ad-6,1.0,False,,2,9
flow=From-Botnet-V50-7-TCP-Established-SSL-To-Microsoft-7,1.0,False,,2,9
flow=From-Botnet-V50-6-TCP-Established-HTTP-Ad-43,1.0,False,,2,9
flow=From-Botnet-V50-9-TCP-Established-HTTP-Ad-60,1.0,False,,2,9
flow=From-Botnet-V50-7-TCP-Established-HTTP-Ad-54,1.0,False,,2,9
flow=From-Botnet-V50-10-TCP-Established-SSL-To-Microsoft-7,1.0,False,,2,9
flow=From-Botnet-V50-9-TCP-Established-HTTP-Ad-47,1.0,False,,2,9
flow=From-Botnet-V50-8-TCP-Established-HTTP-Ad-33,1.0,False,,2,9
flow=From-Botnet-V50-6-ICMP,1.0,False,,2,9
flow=From-Botnet-V50-7-TCP-HTTP-Not-Encrypted-Down-3,1.0,False,,2,9
flow=From-Botnet-V50-9-TCP-Established-HTTP-Ad-57,1.0,False,,2,9
flow=From-Botnet-V50-4-TCP-Established-HTTP-Ad-42,1.0,False,,2,9
flow=From-Botnet-V50-7-TCP-Established-HTTP-Ad-34,1.0,False,,2,9
flow=From-Botnet-V50-3-TCP-Established-HTTP-Ad-50,1.0,False,,2,9
flow=From-Botnet-V50-8-TCP-Established-HTTP-Ad-41,1.0,False,,2,9
flow=From-Botnet-V51-9-TCP-CC106-IRC-Not-Encrypted,1.0,False,,2,10
flow=From-Botnet-V51-8-TCP-CC106-IRC-Not-Encrypted,1.0,False,,2,10
flow=From-Botnet-V51-5-TCP-CC106-IRC-Not-Encrypted,1.0,False,,2,10
flow=From-Botnet-V51-3-TCP-Attempt,1.0,False,,2,12
flow=From-Botnet-V54-TCP-Established-HTTP-Binary-Download-1,1.0,False,,2,13
flow=From-Botnet-V54-TCP-Established-HTTP-Binary-Download-Custom-Port-4,1.0,False,,2,13
flow=From-Botnet-V54-TCP-Established-HTTP-Binary-Download-9,1.0,False,,2,13
flow=From-Botnet-V54-TCP-Established-HTTP-Ad-23,1.0,False,,2,13
flow=From-Botnet-V54-TCP-Established-HTTP-Ad-42,1.0,False,,2,13
flow=From-Botnet-V54-TCP-Established-HTTP-Binary-Download-Custom-Port-6,1.0,False,,2,13
flow=From-Botnet-V54-TCP-Established-HTTP-Ad-50,1.0,False,,2,13
flow=From-Botnet-V54-TCP-Established-HTTP-Ad-6,1.0,False,,2,13
flow=From-Botnet-V54-TCP-Established-HTTP-Ad-47,1.0,False,,2,13
flow=From-Botnet-V42-TCP-Established-HTTP-Adobe-4,1.0,False,,1,1
flow=From-Botnet-V42-TCP-Established-HTTP-Binary-Download-Custom-Port-5,1.0,False,,1,1
flow=From-Botnet-V42-TCP-HTTP-Not-Encrypted-Down-2,1.0,False,,1,1
flow=From-Botnet-V42-TCP-Established-HTTP-Ad-60,1.0,False,,1,1
flow=From-Botnet-V42-TCP-Established-HTTP-Ad-49,1.0,False,,1,1
flow=From-Botnet-V43-TCP-Established-HTTP-Binary-Download-Custom-Port-7,1.0,False,,1,2
flow=From-Botnet-V43-TCP-CC7-Custom-Encryption,1.0,False,,1,2
flow=From-Botnet-V43-TCP-Established-HTTP-Binary-Download-Custom-Port-5,1.0,False,,1,2
flow=From-Botnet-V43-TCP-HTTP-Not-Encrypted-Down-2,1.0,False,,1,2
flow=From-Botnet-V43-TCP-Established-HTTP-Ad-60,1.0,False,,1,2
flow=From-Botnet-V43-TCP-Established-HTTP-Ad-5,1.0,False,,1,2
flow=From-Botnet-V43-TCP-Established-HTTP-Ad-21,1.0,False,,1,2
flow=From-Botnet-V43-TCP-Established-HTTP-To-Microsoft-1,1.0,False,,1,2
flow=From-Botnet-V43-TCP-Established-HTTP-To-Microsoft-2,1.0,False,,1,2
flow=From-Botnet-V43-TCP-Established-HTTP-Ad-49,1.0,False,,1,2
flow=From-Botnet-V43-TCP-Established-HTTP-Ad-13,1.0,False,,1,2
flow=From-Botnet-V43-TCP-Established-HTTP-Ad-51,1.0,False,,1,2
flow=From-Botnet-V43-TCP-Established-HTTP-Ad-23,1.0,False,,1,2
flow=From-Botnet-V45-TCP-Established-HTTP-Ad-15,1.0,False,,1,4
flow=From-Botnet-V45-TCP-Established-HTTP-Ad-4,1.0,False,,1,4
flow=From-Botnet-V45-TCP-WEB-Established,1.0,False,,1,4
flow=From-Botnet-V46-TCP-HTTP-Google-Net-Established-6,1.0,False,,1,5
flow=From-Botnet-V46-TCP-CC7-Custom-Encryption,1.0,False,,1,5
flow=From-Botnet-V46-TCP-Established-HTTP-Ad-4,1.0,False,,1,5
flow=From-Botnet-V46-TCP-Established-Custom-Encryption-8,1.0,False,,1,5
flow=From-Botnet-V46-TCP-Established,1.0,False,,1,5
flow=From-Botnet-V47-TCP-Established-HTTP-Ad-4,1.0,False,,1,6
flow=From-Botnet-V47-TCP-Established-HTTP-Ad-62,1.0,False,,1,6
flow=From-Botnet-V47-TCP-Attempt,1.0,False,,1,6
flow=From-Botnet-V47-UDP-Attempt,1.0,False,,1,6
flow=From-Botnet-V48-TCP-HTTP-Google-Net-Established-6,1.0,False,,1,7
flow=From-Botnet-V48-UDP-Attempt,1.0,False,,1,7
flow=From-Botnet-V48-TCP-HTTP-Google-Net-Established-7,1.0,False,,1,7
flow=From-Botnet-V48-TCP-Established-HTTP-Binary-Download-12,1.0,False,,1,7
flow=From-Botnet-V48-TCP-Established-HTTP-Ad-4,1.0,False,,1,7
flow=From-Botnet-V49-TCP-HTTP-Google-Net-Established-6,1.0,False,,1,8
flow=From-Botnet-V49-TCP-Established,1.0,False,,1,8
flow=From-Botnet-V49-TCP-CC76-HTTP-Custom-Port-Not-Encrypted-Binary-Download,1.0,False,,1,8
flow=From-Botnet-V49-TCP-Established-HTTP-Ad-62,1.0,False,,1,8
flow=From-Botnet-V49-ICMP,1.0,False,,1,8
flow=From-Botnet-V50-8-UDP-Established,1.0,False,,1,9
flow=From-Botnet-V50-1-TCP-Established-HTTP-Binary-Download-1,1.0,False,,1,9
flow=From-Botnet-V50-1-TCP-Established-HTTP-Binary-Download-Custom-Port-7,1.0,False,,1,9
flow=From-Botnet-V50-1-TCP-Established-HTTP-Ad-64,1.0,False,,1,9
flow=From-Botnet-V50-1-UDP-Custom-Encryption-1,1.0,False,,1,9
flow=From-Botnet-V50-1-TCP-CC13-Custom-Encryption,1.0,False,,1,9
flow=From-Botnet-V50-1-TCP-Established-HTTP-Ad-4,1.0,False,,1,9
flow=From-Botnet-V50-1-TCP-Established-HTTP-Binary-Download-8,1.0,False,,1,9
flow=From-Botnet-V50-1-TCP-Established-HTTP-Binary-Download-Custom-Port-5,1.0,False,,1,9
flow=From-Botnet-V50-1-TCP-Established-HTTP-Ad-13,1.0,False,,1,9
flow=From-Botnet-V50-1-TCP-Established-HTTP-Ad-63,1.0,False,,1,9
flow=From-Botnet-V50-1-TCP-Established-HTTP-Binary-Download-10,1.0,False,,1,9
flow=From-Botnet-V50-2-TCP-Established-HTTP-Binary-Download-1,1.0,False,,1,9
flow=From-Botnet-V50-2-TCP-Established-HTTP-Binary-Download-Custom-Port-7,1.0,False,,1,9
flow=From-Botnet-V50-2-UDP-Custom-Encryption-1,1.0,False,,1,9
flow=From-Botnet-V50-3-TCP-Established-HTTP-Binary-Download-1,1.0,False,,1,9
flow=From-Botnet-V50-3-TCP-Established-HTTP-Binary-Download-Custom-Port-7,1.0,False,,1,9
flow=From-Botnet-V50-2-TCP-Established-HTTP-Binary-Download-Custom-Port-5,1.0,False,,1,9
flow=From-Botnet-V50-2-TCP-Established-HTTP-Binary-Download-9,1.0,False,,1,9
flow=From-Botnet-V50-3-TCP-CC7-Custom-Encryption,1.0,False,,1,9
flow=From-Botnet-V50-3-UDP-Custom-Encryption-1,1.0,False,,1,9
flow=From-Botnet-V50-3-TCP-Established-HTTP-Ad-4,1.0,False,,1,9
flow=From-Botnet-V50-3-TCP-Established-HTTP-To-Microsoft-1,1.0,False,,1,9
flow=From-Botnet-V50-3-TCP-Established-HTTP-To-Microsoft-2,1.0,False,,1,9
flow=From-Botnet-V50-3-TCP-Established-HTTP-Adobe-4,1.0,False,,1,9
flow=From-Botnet-V50-1-TCP-HTTP-Not-Encrypted-Down-2,1.0,False,,1,9
flow=From-Botnet-V50-3-TCP-Established-Custom-Encryption-8,1.0,False,,1,9
flow=From-Botnet-V50-3-TCP-Established-HTTP-Binary-Download-Custom-Port-5,1.0,False,,1,9
flow=From-Botnet-V50-4-TCP-Established-HTTP-Binary-Download-1,1.0,False,,1,9
flow=From-Botnet-V50-4-TCP-Established-HTTP-Binary-Download-Custom-Port-7,1.0,False,,1,9
flow=From-Botnet-V50-4-TCP-Established-HTTP-Ad-63,1.0,False,,1,9
flow=From-Botnet-V50-4-UDP-Custom-Encryption-1,1.0,False,,1,9
flow=From-Botnet-V50-5-TCP-Established-HTTP-Binary-Download-1,1.0,False,,1,9
flow=From-Botnet-V50-5-TCP-Established-HTTP-Binary-Download-Custom-Port-7,1.0,False,,1,9
flow=From-Botnet-V50-5-TCP-Established-HTTP-Ad-64,1.0,False,,1,9
flow=From-Botnet-V50-4-TCP-HTTP-Google-Net-Established-7,1.0,False,,1,9
flow=From-Botnet-V50-5-TCP-CC7-Custom-Encryption,1.0,False,,1,9
flow=From-Botnet-V50-5-UDP-Custom-Encryption-1,1.0,False,,1,9
flow=From-Botnet-V50-4-TCP-Established,1.0,False,,1,9
flow=From-Botnet-V50-6-TCP-Established-HTTP-Binary-Download-1,1.0,False,,1,9
flow=From-Botnet-V50-6-TCP-Established-HTTP-Binary-Download-Custom-Port-7,1.0,False,,1,9
flow=From-Botnet-V50-6-TCP-Established-HTTP-Ad-63,1.0,False,,1,9
flow=From-Botnet-V50-6-TCP-CC7-Custom-Encryption,1.0,False,,1,9
flow=From-Botnet-V50-6-UDP-Custom-Encryption-1,1.0,False,,1,9
flow=From-Botnet-V50-5-TCP-Established-Custom-Encryption-8,1.0,False,,1,9
flow=From-Botnet-V50-7-TCP-Established-HTTP-Binary-Download-1,1.0,False,,1,9
flow=From-Botnet-V50-4-TCP-Established-HTTP-Binary-Download-Custom-Port-5,1.0,False,,1,9
flow=From-Botnet-V50-7-TCP-Established-HTTP-Binary-Download-Custom-Port-7,1.0,False,,1,9
flow=From-Botnet-V50-7-TCP-CC7-Custom-Encryption,1.0,False,,1,9
flow=From-Botnet-V50-8-TCP-Established-HTTP-Binary-Download-1,1.0,False,,1,9
flow=From-Botnet-V50-8-TCP-Established-HTTP-Binary-Download-Custom-Port-7,1.0,False,,1,9
flow=From-Botnet-V50-7-UDP-Custom-Encryption-1,1.0,False,,1,9
flow=From-Botnet-V50-5-TCP-Established-HTTP-Binary-Download-Custom-Port-5,1.0,False,,1,9
flow=From-Botnet-V50-8-TCP-Established-HTTP-Ad-63,1.0,False,,1,9
flow=From-Botnet-V50-9-TCP-Established-HTTP-Binary-Download-1,1.0,False,,1,9
flow=From-Botnet-V50-9-TCP-Established-HTTP-Binary-Download-Custom-Port-7,1.0,False,,1,9
flow=From-Botnet-V50-9-TCP-Established-HTTP-Ad-64,1.0,False,,1,9
flow=From-Botnet-V50-2-TCP-Established-HTTP-Ad-63,1.0,False,,1,9
flow=From-Botnet-V50-6-TCP-Established-HTTP-Binary-Download-Custom-Port-5,1.0,False,,1,9
flow=From-Botnet-V50-9-TCP-CC7-Custom-Encryption,1.0,False,,1,9
flow=From-Botnet-V50-10-TCP-Established-HTTP-Binary-Download-1,1.0,False,,1,9
flow=From-Botnet-V50-10-TCP-Established-HTTP-Binary-Download-Custom-Port-7,1.0,False,,1,9
flow=From-Botnet-V50-2-TCP-Established-HTTP-Ad-4,1.0,False,,1,9
flow=From-Botnet-V50-4-TCP-Established-HTTP-Ad-4,1.0,False,,1,9
flow=From-Botnet-V50-10-TCP-Established-HTTP-Ad-64,1.0,False,,1,9
flow=From-Botnet-V50-2-TCP-Established-HTTP-Ad-53,1.0,False,,1,9
flow=From-Botnet-V50-10-TCP-CC7-Custom-Encryption,1.0,False,,1,9
flow=From-Botnet-V50-10-UDP-Custom-Encryption-1,1.0,False,,1,9
flow=From-Botnet-V50-5-TCP-Established-HTTP-Ad-63,1.0,False,,1,9
flow=From-Botnet-V50-7-TCP-Established-HTTP-Binary-Download-Custom-Port-5,1.0,False,,1,9
flow=From-Botnet-V50-8-TCP-Established-HTTP-Binary-Download-Custom-Port-5,1.0,False,,1,9
flow=From-Botnet-V50-8-TCP-Established-HTTP-Ad-23,1.0,False,,1,9
flow=From-Botnet-V50-8-TCP-Established-HTTP-Ad-29,1.0,False,,1,9
flow=From-Botnet-V50-8-TCP-Established-HTTP-Ad-5,1.0,False,,1,9
flow=From-Botnet-V50-9-TCP-Established-HTTP-Binary-Download-Custom-Port-5,1.0,False,,1,9
flow=From-Botnet-V50-2-TCP-Established-SSL-To-Microsoft-1,1.0,False,,1,9
flow=From-Botnet-V50-2-TCP-Established-HTTP-To-Microsoft-1,1.0,False,,1,9
flow=From-Botnet-V50-10-TCP-Established-HTTP-Binary-Download-Custom-Port-5,1.0,False,,1,9
flow=From-Botnet-V50-8-TCP-Established-HTTP-Ad-7,1.0,False,,1,9
flow=From-Botnet-V50-5-TCP-Established-HTTP-Ad-4,1.0,False,,1,9
flow=From-Botnet-V50-9-TCP-Established-HTTP-Ad-63,1.0,False,,1,9
flow=From-Botnet-V50-3-TCP-Established-HTTP-Ad-64,1.0,False,,1,9
flow=From-Botnet-V50-4-TCP-Established-SSL-To-Microsoft-7,1.0,False,,1,9
flow=From-Botnet-V50-10-TCP-Established-HTTP-Ad-63,1.0,False,,1,9
flow=From-Botnet-V50-10-TCP-Established-HTTP-Ad-4,1.0,False,,1,9
flow=From-Botnet-V50-3-TCP-HTTP-Not-Encrypted-Down-2,1.0,False,,1,9
flow=From-Botnet-V50-3-TCP-Established-SSL-To-Microsoft-7,1.0,False,,1,9
flow=From-Botnet-V50-9-TCP-HTTP-Google-Net-Established-2,1.0,False,,1,9
flow=From-Botnet-V50-9-TCP-Established-HTTP-Ad-11,1.0,False,,1,9
flow=From-Botnet-V50-10-TCP-HTTP-Not-Encrypted-Down-3,1.0,False,,1,9
flow=From-Botnet-V50-1-TCP-Established-HTTP-Ad-30,1.0,False,,1,9
flow=From-Botnet-V50-9-TCP-Established-HTTP-Ad-5,1.0,False,,1,9
flow=From-Botnet-V50-7-TCP-Established-HTTP-Ad-4,1.0,False,,1,9
flow=From-Botnet-V50-8-TCP-HTTP-Not-Encrypted-Down-2,1.0,False,,1,9
flow=From-Botnet-V50-9-TCP-Established-HTTP-Ad-52,1.0,False,,1,9
flow=From-Botnet-V50-5-TCP-Established,1.0,False,,1,9
flow=From-Botnet-V50-9-TCP-HTTP-Not-Encrypted-Down-2,1.0,False,,1,9
flow=From-Botnet-V50-9-TCP-Established-HTTP-Ad-7,1.0,False,,1,9
flow=From-Botnet-V50-4-TCP-Established-HTTP-Ad-51,1.0,False,,1,9
flow=From-Botnet-V50-7-TCP-Established-HTTP-Ad-6,1.0,False,,1,9
flow=From-Botnet-V50-6-TCP-HTTP-Not-Encrypted-Down-3,1.0,False,,1,9
flow=From-Botnet-V50-7-TCP-Established-HTTP-Ad-63,1.0,False,,1,9
flow=From-Botnet-V50-7-TCP-HTTP-Google-Net-Established-2,1.0,False,,1,9
flow=From-Botnet-V50-4-TCP-Established-HTTP-Ad-23,1.0,False,,1,9
flow=From-Botnet-V50-8-UDP-Attempt,1.0,False,,1,9
flow=From-Botnet-V50-6-TCP-Established-HTTP-Ad-52,1.0,False,,1,9
flow=From-Botnet-V50-7-ICMP,1.0,False,,1,9
flow=From-Botnet-V50-6-TCP-HTTP-Not-Encrypted-Down-2,1.0,False,,1,9
flow=From-Botnet-V50-1-TCP-HTTP-Not-Encrypted-Down-3,1.0,False,,1,9
flow=From-Botnet-V50-2-TCP-HTTP-Not-Encrypted-Down-2,1.0,False,,1,9
flow=From-Botnet-V50-2-TCP-Established-HTTP-Ad-59,1.0,False,,1,9
flow=From-Botnet-V50-5-TCP-Established-HTTP-Ad-51,1.0,False,,1,9
flow=From-Botnet-V50-10-TCP-Established-HTTP-Ad-52,1.0,False,,1,9
flow=From-Botnet-V50-6-TCP-Established-SSL-To-Microsoft-1,1.0,False,,1,9
flow=From-Botnet-V50-7-TCP-HTTP-Not-Encrypted-Down-2,1.0,False,,1,9
flow=From-Botnet-V50-7-TCP-Established-HTTP-Ad-60,1.0,False,,1,9
flow=From-Botnet-V50-2-TCP-Established-HTTP-To-Microsoft-Live-2,1.0,False,,1,9
flow=From-Botnet-V50-8-TCP-Established-HTTP-To-Microsoft-Live-2,1.0,False,,1,9
flow=From-Botnet-V50-3-TCP-HTTP-Not-Encrypted-Down-1,1.0,False,,1,9
flow=From-Botnet-V50-8-TCP-Established-HTTP-Ad-28,1.0,False,,1,9
flow=From-Botnet-V50-6-TCP-Established-HTTP-Ad-59,1.0,False,,1,9
flow=From-Botnet-V50-8-TCP-Established-SSL-To-Microsoft-7,1.0,False,,1,9
flow=From-Botnet-V50-9-TCP-Established-HTTP-Ad-51,1.0,False,,1,9
flow=From-Botnet-V50-5-TCP-Established-SSL-To-Microsoft-7,1.0,False,,1,9
flow=From-Botnet-V50-9-TCP-HTTP-Not-Encrypted-Down-1,1.0,False,,1,9
flow=From-Botnet-V50-8-TCP-Established-HTTP-To-Microsoft-5,1.0,False,,1,9
flow=From-Botnet-V50-6-TCP-Established-HTTP-To-Microsoft-Live-2,1.0,False,,1,9
flow=From-Botnet-V50-4-TCP-HTTP-Not-Encrypted-Down-2,1.0,False,,1,9
flow=From-Botnet-V51-10-TCP-WEB-Established,1.0,False,,1,10
flow=From-Botnet-V51-9-TCP-Established-HTTP-Ad-62,1.0,False,,1,10
flow=From-Botnet-V51-8-TCP-WEB-Established,1.0,False,,1,10
flow=From-Botnet-V51-7-TCP-WEB-Established,1.0,False,,1,10
flow=From-Botnet-V51-5-TCP-Established-HTTP-Ad-62,1.0,False,,1,10
flow=From-Botnet-V51-4-TCP-Established-HTTP-Ad-62,1.0,False,,1,10
flow=From-Botnet-V51-6-TCP-WEB-Established,1.0,False,,1,10
flow=From-Botnet-V51-5-TCP-CC1-HTTP-Not-Encrypted,1.0,False,,1,10
flow=From-Botnet-V51-8-TCP-Established,1.0,False,,1,10
flow=From-Botnet-V51-9-TCP-CC1-HTTP-Not-Encrypted,1.0,False,,1,10
flow=From-Botnet-V51-8-TCP-CC1-HTTP-Not-Encrypted,1.0,False,,1,10
flow=From-Botnet-V51-1-TCP-Established-HTTP-Ad-48,1.0,False,,1,12
flow=From-Botnet-V51-1-UDP-Attempt-DNS,1.0,False,,1,12
flow=From-Botnet-V51-1-TCP-Attempt,1.0,False,,1,12
flow=From-Botnet-V51-2-UDP-Attempt-DNS,1.0,False,,1,12
flow=From-Botnet-V51-3-TCP-Established,1.0,False,,1,12
flow=From-Botnet-V51-3-UDP-Attempt-DNS,1.0,False,,1,12
flow=From-Botnet-V51-2-TCP-Established-HTTP-Ad-62,1.0,False,,1,12
flow=From-Botnet-V51-1-TCP-Established-HTTP-Ad-62,1.0,False,,1,12
flow=From-Botnet-V54-TCP-Established-HTTP-Binary-Download-Custom-Port-7,1.0,False,,1,13
flow=From-Botnet-V54-TCP-Established-HTTP-Ad-63,1.0,False,,1,13
flow=From-Botnet-V54-TCP-Established-HTTP-Ad-33,1.0,False,,1,13
flow=From-Botnet-V54-TCP-Established-HTTP-Ad-49,1.0,False,,1,13
