L1,L2,L3,L4,L5,L6,label
0.7406,0.9271,0.0,0.0,0.0,0.0,1
0.6432,0.9648,0.9062,0.0,0.0,0.0,1
0.0507,0.0854,0.9062,0.0,0.0,0.2,0
0.1133,0.177,0.9062,0.0,0.0,0.2,0
0.1901,0.3296,0.0,0.0,0.0,0.2,0
0.3287,0.0854,0.9062,0.0,0.0,0.2,0
0.9969,0.8084,0.0,0.0,0.0,0.2,1
0.9499,0.1502,0.9062,0.0,0.0,0.2,1
0.109,0.3022,0.9062,0.0,0.0,0.2,0
0.6172,0.1576,0.9062,0.0,0.0,0.2,0
0.6424,0.8175,0.9062,0.0,0.0,0.2,0
0.9303,0.4045,0.0,0.0,0.0,0.2,0
0.0096,0.1005,0.0,0.5,0.0,0.2,0
0.9559,0.5584,0.0,0.0,0.0,0.2,1
0.2,0.082,0.0,0.0,0.0,0.2,0
0.9894,0.9804,0.0,0.0,0.0,0.2,1
0.9909,0.9994,0.9062,0.0,0.0,0.2,1
0.9997,0.9681,0.0,0.0,0.0,0.2,1
0.9745,0.982,0.0,0.0,0.0,0.2,1
0.3287,0.4302,0.9062,0.0,0.0,0.2,0
0.2,0.0737,0.0,0.0,0.0,0.2,0
0.0949,0.954,0.0,0.0,0.0,0.2,0
0.9441,0.4662,0.0,0.0,0.0,0.2,1
0.9988,0.3353,0.0,0.0,0.0,0.2,1
0.6432,0.8248,0.0,0.0,0.0,0.2,1
0.0041,0.1184,0.0,0.0,0.0,0.2,0
0.2,0.5532,0.0,0.0,0.0,0.2,0
0.2,0.1856,0.0,0.0,0.0,0.2,0
0.6424,0.3115,0.9062,0.0,0.0,0.0,0
0.3215,0.3547,0.0,0.5,0.0,0.0,0
0.0673,0.3113,0.9062,0.0,0.0,0.0,0
0.6608,0.1065,0.0,0.0,0.0,0.0,0
0.6982,0.7606,0.0,0.0,0.0,0.45,0
0.9911,0.9995,0.9062,0.0,0.0,0.45,1
0.984,0.525,0.0,0.0,0.0,0.45,1
0.0522,0.543,0.9062,0.0,0.0,0.45,0
0.9843,0.459,0.0,0.0,0.0,0.45,1
1.0,0.9203,0.0,0.0,0.0,0.45,1
0.2,0.4231,0.0,0.0,0.0,0.45,0
0.0108,0.0845,0.9062,0.0,0.0,0.0,0
0.9939,0.0862,0.0,0.85,0.0,0.0,1
0.3,0.4223,0.0,0.5,0.0,0.0,0
0.35,0.1501,0.0,0.0,0.0,0.2,0
0.65,0.5795,0.0,0.0,0.0,0.4,1
0.245,0.3939,0.9062,0.0,0.0,0.4,0
0.6759,0.1667,0.0,0.0,0.0,0.4,0
0.85,0.1015,0.0,0.0,0.0,0.4,0
0.1266,0.18,0.9062,0.0,0.0,0.4,0
0.6759,0.7986,0.9062,0.0,0.0,0.4,1
0.9993,0.8922,0.0,0.0,0.0,0.4,1
0.9838,0.7697,0.0,0.0,0.0,0.4,1
0.6424,0.1026,0.9062,0.0,0.0,0.85,0
0.0961,0.403,0.9062,0.0,0.0,0.85,0
0.5008,0.9744,0.0,0.0,0.0,0.85,1
0.9944,0.932,0.0,0.0,0.0,0.85,1
0.5263,0.4231,0.0,0.0,0.0,0.85,0
0.9233,0.98,0.0,0.0,0.0,0.85,1
0.4289,0.6111,0.0,0.0,0.0,0.85,0
0.6759,0.17,0.9062,0.0,0.0,0.85,0
0.0009,0.1289,0.0,0.0,0.0,0.85,0
0.245,0.1395,0.9062,0.0,0.0,0.85,0
0.9402,0.947,0.0,0.0,0.0,0.85,1
0.8664,0.5584,0.0,0.0,0.0,0.85,0
0.4,0.1791,0.0,0.0,0.0,0.85,0
0.5205,0.1267,0.9062,0.0,0.0,0.85,0
0.0055,0.0991,0.0,0.0,0.0,0.85,0
0.2699,0.1015,0.9062,0.0,0.0,0.85,0
0.0116,0.0854,0.0,0.0,0.0,0.85,0
0.8888,0.7752,0.9062,0.0,0.0,0.85,0
0.6424,0.1909,0.9062,0.0,0.0,0.85,0
0.9463,0.9901,0.0,0.0,0.0,0.85,1
0.5045,0.0945,0.0,0.0,0.0,0.85,0
0.004,0.1321,0.0,0.0,0.0,0.85,0
0.7,0.0843,0.0,0.0,0.0,0.85,0
0.7009,0.4205,0.0,0.0,0.0,0.85,1
0.9995,0.9369,0.0,0.0,0.0,0.85,1
0.8462,0.2086,0.9062,0.0,0.0,0.85,0
0.9947,0.4275,0.0,0.0,0.0,0.85,1
0.9233,0.0948,0.9062,0.0,0.0,0.85,0
0.9994,0.8108,0.0,0.0,0.0,0.85,1
0.6759,0.0759,0.9062,0.0,0.0,0.85,0
0.9993,0.7277,0.0,0.0,0.0,0.85,1
0.1032,0.0859,0.0,0.0,0.0,0.85,0
0.9859,0.9993,0.0,0.0,0.0,0.85,1
0.033,0.6534,0.9062,0.0,0.0,1.0,0
0.6432,0.2576,0.0,0.0,0.0,1.0,0
0.6759,0.1909,0.0,0.0,0.0,1.0,0
0.9233,0.0854,0.9062,0.0,0.0,1.0,0
0.2,0.1154,0.0,0.0,0.0,1.0,0
0.6759,0.7649,0.0,0.0,0.0,1.0,0
0.0208,0.1012,0.0,0.5,0.0,1.0,0
0.3358,0.0351,0.9062,0.0,0.0,1.0,0
0.005,0.0963,0.0,0.0,0.0,1.0,0
0.6432,0.177,0.0,0.0,0.0,1.0,0
0.6432,0.5182,0.0,0.0,0.0,1.0,0
0.0032,0.129,0.0,0.0,0.0,1.0,0
0.2,0.1646,0.0,0.0,0.0,1.0,0
0.9028,0.8035,0.0,0.0,0.0,1.0,1
0.0021,0.1692,0.0,0.0,0.0,1.0,0
0.0011,0.1154,0.0,0.0,0.0,1.0,0
0.0684,0.1184,0.0,0.0,0.0,1.0,0
0.9918,0.8084,0.0,1.0,0.0,1.0,1
0.9988,0.9893,0.0,0.85,0.0,1.0,1
0.9933,0.2288,0.0,0.0,0.0,1.0,1
0.6432,0.8123,0.0,0.0,0.0,1.0,0
0.2,0.7151,0.0,0.0,0.0,1.0,0
0.9233,0.9758,0.0,0.0,0.0,1.0,1
0.55,0.7371,0.0,0.0,0.0,1.0,0
0.0133,0.0385,0.0,0.5,0.0,1.0,0
0.2,0.1501,0.0,0.0,0.0,1.0,0
0.7,0.3525,0.0,1.0,0.0,1.0,0
0.0758,0.0802,0.0,0.0,0.0,1.0,0
0.9637,0.3933,0.0,0.0,0.0,1.0,1
0.9931,0.8635,0.0,0.0,0.0,1.0,1
0.8703,0.7649,0.0,0.0,0.0,1.0,1
0.4,0.1892,0.0,0.5,0.0,1.0,0
0.0302,0.1031,0.0,0.0,0.0,1.0,0
0.9979,0.9988,0.0,0.0,0.0,1.0,1
0.6432,0.6804,0.0,0.0,0.0,1.0,0
0.0268,0.8353,0.0,0.5,0.0,1.0,0
0.9994,0.5914,0.9062,0.85,0.0,1.0,1
0.55,0.0859,0.0,0.0,0.0,1.0,0
0.4176,0.1905,0.0,0.0,0.0,1.0,0
0.9967,0.9986,0.0,0.0,0.0,1.0,1
0.2296,0.088,0.0,0.0,0.0,1.0,0
0.764,0.982,0.9062,0.0,0.0,1.0,1
0.7038,0.4169,0.0,1.0,0.0,1.0,1
0.85,0.5157,0.0,0.0,0.0,1.0,0
0.6432,0.9983,0.0,0.0,0.0,1.0,1
0.8569,0.8822,0.0,0.0,0.0,1.0,1
0.0153,0.0983,0.0,0.5,0.0,1.0,0
0.6432,0.4378,0.9062,0.0,0.0,1.0,0
0.057,0.3976,0.0,0.0,0.0,1.0,0
0.9966,0.495,0.0,0.0,0.0,1.0,1
0.9999,1.0,0.0,0.0,0.0,1.0,1
0.163,0.0979,0.0,0.0,0.0,1.0,0
0.55,0.0819,0.0,0.0,0.0,1.0,0
0.9986,0.031,0.0,0.85,0.0,1.0,1
0.1707,0.4205,0.0,0.0,0.0,1.0,0
0.9233,0.9859,0.0,0.0,0.0,1.0,1
0.8891,0.9721,0.0,0.0,0.0,1.0,1
0.0303,0.0809,0.0,0.5,0.0,1.0,0
0.6432,0.3237,0.0,0.0,0.0,1.0,0
0.9963,0.9587,0.0,0.0,0.0,1.0,1
0.9994,0.2476,0.0,0.0,0.0,1.0,1
0.2,0.0893,0.0,0.0,0.0,1.0,0
0.9905,0.1692,0.0,0.85,0.0,1.0,1
0.55,0.0691,0.0,0.0,0.0,1.0,0
0.4464,0.1291,0.0,0.0,0.0,1.0,0
0.9999,0.0979,0.9062,0.0,0.0,1.0,1
0.9986,0.7134,0.0,0.85,0.0,1.0,1
0.2,0.4277,0.0,0.0,0.0,1.0,0
0.0111,0.1045,0.0,0.0,0.0,1.0,0
0.0298,0.0187,0.0,0.0,0.0,1.0,0
0.5,0.7939,0.0,0.0,0.0,1.0,0
0.0179,0.04,0.0,0.0,0.0,1.0,0
0.764,0.9952,0.9062,0.0,0.0,1.0,1
0.9997,0.9976,0.0,0.0,0.0,1.0,1
0.6332,0.1501,0.0,0.0,0.0,1.0,0
0.4,0.1015,0.0,0.0,0.0,1.0,0
0.3,0.0945,0.0,0.0,0.0,1.0,0
0.0325,0.4026,0.0,0.0,0.0,1.0,0
0.85,0.0712,0.0,0.0,0.0,1.0,0
0.8971,0.8123,0.0,0.0,0.0,1.0,1
0.0285,0.2185,0.0,0.0,0.0,1.0,0
0.7398,0.2044,0.0,0.0,0.0,1.0,1
0.4,0.2329,0.0,0.0,0.0,1.0,0
0.6432,0.1103,0.0,0.0,0.0,1.0,0
0.6432,0.0854,0.0,0.0,0.0,1.0,0
0.55,0.0819,0.0,0.0,0.0,1.0,0
0.2,0.1281,0.0,0.0,0.0,1.0,0
0.0035,0.1047,0.0,0.0,0.0,1.0,0
0.0008,0.4348,0.0,0.0,0.0,1.0,0
0.0675,0.1061,0.0,0.0,0.0,1.0,0
0.65,0.8381,0.0,0.0,0.0,1.0,1
0.9956,0.9768,0.0,0.85,0.0,1.0,1
0.2,0.2005,0.0,0.5,0.0,1.0,0
0.3,0.1856,0.0,0.0,0.0,1.0,0
0.65,0.1576,0.0,0.0,0.0,1.0,0
0.55,0.0887,0.0,0.0,0.0,1.0,0
0.55,0.0859,0.0,0.0,0.0,1.0,0
0.1166,0.0809,0.0,0.0,0.0,1.0,1
0.0012,0.1047,0.0,0.0,0.0,1.0,0
0.15,0.6638,0.0,0.0,0.0,1.0,0
0.0238,0.8248,0.0,0.0,0.0,1.0,0
0.944,0.9989,0.0,0.0,0.0,1.0,1
0.2,0.1646,0.0,0.0,0.0,1.0,0
0.0828,0.9967,0.0,0.0,0.0,1.0,1
0.9516,0.4205,0.0,0.0,0.0,1.0,1
0.9985,0.9996,0.0,0.0,0.0,1.0,1
0.0035,0.1321,0.0,0.0,0.0,1.0,0
0.0889,0.1501,0.0,0.0,0.0,1.0,0
0.4,0.4223,0.0,0.0,0.0,1.0,0
0.0552,0.4241,0.9062,0.0,0.0,1.0,0
0.55,0.0747,0.0,0.0,0.0,1.0,0
0.5799,0.2553,0.9062,0.0,0.0,1.0,1
0.9124,0.6143,0.0,0.0,0.0,1.0,1
0.6432,0.6534,0.9062,0.0,0.0,1.0,1
0.0148,0.241,0.0,0.0,0.0,1.0,0
0.1733,0.0345,0.0,0.0,0.0,1.0,0
0.008,0.0896,0.0,0.0,0.0,1.0,0
0.55,0.1154,0.0,0.0,0.0,1.0,0
0.0303,0.498,0.0,0.0,0.0,1.0,0
0.9996,0.9322,0.0,0.0,0.0,1.0,1
0.9596,0.1892,0.0,0.0,0.0,1.0,1
0.0481,0.651,0.0,0.0,0.0,1.0,0
0.5641,0.4712,0.9062,0.0,0.0,1.0,0
0.057,0.0351,0.0,0.0,0.0,1.0,0
0.4,0.403,0.0,0.5,0.0,1.0,0
0.0544,0.525,0.0,0.0,0.0,1.0,0
0.0102,0.1892,0.0,0.0,0.0,1.0,0
0.4976,0.3941,0.0,0.0,0.0,1.0,0
0.0018,0.1321,0.0,0.0,0.0,1.0,0
0.9703,0.9964,0.0,0.0,0.0,1.0,1
0.8648,0.9894,0.0,0.0,0.0,1.0,1
0.9178,0.9828,0.0,0.0,0.0,1.0,1
0.3116,0.5085,0.0,0.0,0.0,1.0,1
0.1165,0.3173,0.0,0.0,0.0,1.0,0
0.1267,0.1332,0.9062,0.0,0.0,1.0,0
0.0034,0.6716,0.0,0.0,0.0,1.0,0
0.9889,0.3062,0.0,0.0,0.0,1.0,1
0.9966,0.4231,0.0,0.85,0.0,1.0,1
0.6432,0.1911,0.0,0.0,0.0,1.0,0
0.9988,1.0,0.9062,0.0,0.0,1.0,1
0.0647,0.265,0.0,0.0,0.0,1.0,0
0.047,0.4223,0.0,0.0,0.0,1.0,0
0.7883,0.1065,0.0,0.0,0.0,1.0,0
0.9873,0.3987,0.0,0.0,0.0,1.0,1
0.2,0.0869,0.0,0.0,0.0,1.0,0
0.3,0.0696,0.0,0.0,0.0,1.0,0
0.8539,0.9718,0.9062,0.0,0.0,1.0,1
0.2,0.1944,0.0,0.0,0.0,1.0,0
0.3,0.5044,0.0,0.0,0.0,1.0,0
0.3,0.0802,0.0,0.0,0.0,1.0,0
0.9884,0.7666,0.0,0.0,0.0,1.0,0
0.9564,0.83,0.9062,0.0,0.0,0.0,1
0.9995,0.8677,0.0,0.0,0.0,0.0,1
0.924,0.9993,0.0,0.0,0.0,0.0,1
0.0032,0.0862,0.0,0.0,0.0,0.0,0
0.65,0.0618,0.0,0.0,0.0,0.0,0
0.4,0.2058,0.0,0.0,0.0,0.0,0
0.3,0.4026,0.0,0.0,0.0,0.0,0
0.9939,0.9671,0.0,0.85,0.0,0.0,1
0.767,0.9553,0.0,0.0,0.0,0.0,1
0.6432,0.8007,0.0,0.0,0.0,0.0,1
0.0087,0.4378,0.0,0.0,0.0,0.0,0
0.1011,0.256,0.0,0.0,0.0,0.0,0
0.2,0.4231,0.0,0.0,0.0,0.0,0
0.2,0.0819,0.0,0.0,0.0,0.0,0
0.0199,0.1178,0.0,0.5,0.0,0.0,0
0.9979,0.9886,0.0,0.0,0.0,0.2,1
0.764,0.4521,0.9062,0.0,0.0,0.2,0
0.1028,0.1103,0.9062,0.0,0.0,0.2,0
0.4289,0.0759,0.9062,0.0,0.0,0.2,0
0.399,0.9975,0.0,0.0,0.0,0.65,1
0.5205,0.0948,0.9062,0.0,0.0,0.65,0
0.9233,0.4765,0.9062,0.0,0.0,0.65,0
0.5641,0.2429,0.9062,0.0,0.0,0.65,1
0.6432,0.1045,0.9062,0.0,0.0,0.65,0
0.2699,0.1856,0.9062,0.0,0.0,0.65,0
0.3803,0.0696,0.9062,0.0,0.0,0.65,0
0.0679,0.1065,0.9062,0.0,0.0,0.65,0
0.6424,0.0385,0.9062,0.0,0.0,0.65,0
0.0008,0.0928,0.0,0.0,0.0,0.65,0
0.6432,0.9399,0.9062,0.0,0.0,0.65,1
0.3742,0.1045,0.9062,0.0,0.0,1.0,0
0.6432,0.289,0.0,0.0,0.0,1.0,0
0.5763,0.2959,0.0,0.0,0.0,1.0,0
0.1158,0.4161,0.9062,0.0,0.0,1.0,1
0.1976,0.1135,0.9062,0.0,0.0,1.0,0
0.0003,0.0963,0.0,0.0,0.0,1.0,0
0.6759,0.516,0.9062,0.0,0.0,1.0,0
0.9976,0.4777,0.0,0.0,0.0,1.0,1
0.0993,0.1012,0.9062,0.0,0.0,1.0,0
0.6424,0.8294,0.9062,0.0,0.0,1.0,1
0.9956,0.5044,0.0,0.0,0.0,1.0,1
0.0399,0.4169,0.9062,0.0,0.0,1.0,0
0.5641,0.1614,0.0,0.0,0.0,1.0,0
0.5641,0.1521,0.9062,0.0,0.0,1.0,0
0.6432,0.6501,0.9062,0.0,0.0,1.0,1
0.994,0.9899,0.0,0.0,0.0,1.0,1
0.7374,0.4676,0.9062,0.0,0.0,1.0,0
0.6424,0.8914,0.0,0.0,0.0,1.0,1
0.6608,0.9966,0.9062,0.0,0.0,1.0,1
0.6432,0.129,0.9062,0.0,0.0,1.0,0
0.6432,0.0859,0.9062,0.0,0.0,1.0,1
0.2614,0.213,0.9062,0.0,0.0,1.0,0
0.6432,0.0979,0.0,0.0,0.0,1.0,0
0.5641,0.0809,0.9062,0.0,0.0,1.0,0
0.057,0.1321,0.0,0.0,0.0,1.0,0
0.5775,0.2451,0.0,0.0,0.0,1.0,0
0.6432,0.1728,0.9062,0.0,0.0,1.0,1
0.9903,0.2523,0.9062,0.0,0.0,1.0,0
0.9464,0.1321,0.0,0.0,0.0,1.0,1
0.6432,0.4789,0.9062,0.0,0.0,1.0,0
0.6759,0.1646,0.9062,0.0,0.0,1.0,0
0.0576,0.0862,0.9062,0.0,0.0,1.0,0
0.5641,0.9877,0.0,0.0,0.0,1.0,1
0.6432,0.0234,0.9062,0.0,0.0,1.0,0
0.764,0.913,0.9062,0.0,0.0,1.0,1
0.6759,0.1059,0.9062,0.0,0.0,1.0,0
0.4584,0.8094,0.0,0.0,0.0,1.0,1
0.6608,0.9618,0.0,0.0,0.0,1.0,1
0.6432,0.9985,0.9062,0.0,0.0,1.0,1
0.9845,0.9862,0.0,0.0,0.0,1.0,1
0.5641,0.2449,0.9062,0.0,0.0,1.0,0
0.3287,0.265,0.9062,0.0,0.0,1.0,0
0.6432,0.1888,0.9062,0.0,0.0,1.0,0
0.6424,0.192,0.9062,0.0,0.0,1.0,0
0.764,0.9621,0.0,0.0,0.0,1.0,1
0.5205,0.6501,0.0,0.0,0.0,1.0,0
0.764,0.2275,0.9062,0.0,0.0,1.0,0
0.5641,0.1522,0.9062,0.0,0.0,1.0,0
0.403,0.1791,0.0,0.0,0.0,1.0,0
0.5641,0.0963,0.9062,0.0,0.0,1.0,0
0.6424,0.6943,0.9062,0.0,0.0,1.0,1
0.6759,0.2789,0.9062,0.0,0.0,1.0,0
0.057,0.1026,0.9062,0.0,0.0,1.0,0
0.3287,0.0893,0.9062,0.0,0.0,1.0,0
0.0201,0.1304,0.0,0.0,0.0,1.0,0
0.6432,0.6294,0.0,0.0,0.0,1.0,0
0.972,0.6656,0.0,0.0,0.0,1.0,1
0.193,0.177,0.9062,0.0,0.0,1.0,0
0.1756,0.177,0.9062,0.0,0.0,1.0,0
0.6432,0.8233,0.0,0.0,0.0,1.0,1
0.4,0.1026,0.0,0.0,0.0,1.0,0
0.7,0.1065,0.0,0.0,0.0,1.0,0
0.9984,0.9991,0.0,0.0,0.0,1.0,1
0.5641,0.273,0.9062,0.0,0.0,1.0,0
0.5641,0.1005,0.9062,0.0,0.0,1.0,0
0.8664,0.1905,0.9062,0.0,0.0,1.0,0
0.1038,0.4524,0.9062,0.0,0.0,1.0,0
0.3785,0.251,0.9062,0.0,0.0,1.0,0
0.6432,0.0495,0.9062,0.0,0.0,1.0,0
0.6424,0.0351,0.9062,0.0,0.0,1.0,0
0.6424,0.9585,0.9062,0.0,0.0,1.0,1
0.9951,0.9987,0.9062,0.0,0.0,1.0,1
0.1494,0.735,0.9062,0.0,0.0,1.0,0
0.5694,0.1046,0.9062,0.0,0.0,1.0,0
0.962,0.9884,0.0,0.0,0.0,1.0,1
0.6432,0.9993,0.0,0.0,0.0,1.0,1
0.5641,0.3047,0.0,0.0,0.0,1.0,0
0.764,0.1103,0.0,0.0,0.0,1.0,0
0.4289,0.2038,0.9062,0.0,0.0,1.0,0
0.15,0.1047,0.0,0.0,0.0,1.0,0
0.9998,0.4231,0.0,0.0,0.0,1.0,1
0.5641,0.1635,0.9062,0.0,0.0,1.0,0
0.6432,0.9697,0.9062,0.0,0.0,1.0,1
0.9909,0.999,0.9062,0.0,0.0,1.0,1
0.5641,0.1047,0.9062,0.0,0.0,1.0,0
0.6424,0.8009,0.9062,0.0,0.0,1.0,0
0.85,0.1106,0.9062,0.0,0.0,1.0,0
0.6432,0.1902,0.9062,0.0,0.0,1.0,1
0.6432,0.2252,0.9062,0.0,0.0,1.0,0
0.3287,0.1354,0.9062,0.0,0.0,1.0,0
0.6424,0.177,0.9062,0.0,0.0,1.0,0
0.4,0.1046,0.0,0.0,0.0,1.0,0
0.65,0.1005,0.0,0.0,0.0,1.0,0
0.0463,0.1047,0.9062,0.0,0.0,1.0,0
0.9981,0.9564,0.0,0.0,0.0,1.0,1
0.94,0.9693,0.0,0.0,0.0,1.0,1
0.6432,0.8337,0.9062,0.0,0.0,1.0,1
0.764,0.2387,0.9062,0.0,0.0,1.0,0
0.9885,0.0963,0.0,0.0,0.0,1.0,0
0.6424,0.3767,0.9062,0.0,0.0,1.0,1
0.6424,0.5572,0.9062,0.0,0.0,1.0,0
0.6759,0.0983,0.9062,0.0,0.0,1.0,0
0.6432,0.8781,0.0,0.0,0.0,1.0,1
0.6759,0.5187,0.0,0.0,0.0,1.0,1
0.8664,0.9902,0.0,0.0,0.0,1.0,1
0.8288,0.2003,0.9062,0.0,0.0,1.0,1
0.6432,0.8916,0.9062,0.0,0.0,1.0,1
0.9956,0.4169,0.0,0.0,0.0,1.0,1
0.764,0.1103,0.9062,0.0,0.0,1.0,0
0.9862,0.968,0.0,0.0,0.0,1.0,1
0.4176,0.1726,0.9062,0.0,0.0,1.0,0
0.0661,0.0351,0.9062,0.0,0.0,1.0,0
0.129,0.0759,0.9062,0.0,0.0,1.0,0
0.7323,0.0982,0.9062,0.0,0.0,1.0,0
0.5641,0.9149,0.0,0.0,0.0,1.0,1
0.9963,0.7954,0.0,0.0,0.0,1.0,1
0.4,0.8079,0.9062,0.0,0.0,1.0,1
0.4,0.1046,0.0,0.0,0.0,1.0,0
0.2904,0.3525,0.9062,0.0,0.0,1.0,0
0.6432,0.9457,0.9062,0.0,0.0,1.0,1
0.1619,0.085,0.9062,0.0,0.0,1.0,0
0.6432,0.2306,0.9062,0.0,0.0,1.0,0
0.65,0.1103,0.0,0.0,0.0,1.0,0
0.2,0.2961,0.0,0.5,0.0,1.0,0
0.9998,0.2284,0.0,0.85,0.0,1.0,1
0.4,0.7732,0.9062,0.0,0.0,1.0,1
0.1865,0.0266,0.0,0.0,0.0,1.0,0
0.4976,0.0274,0.9062,0.0,0.0,1.0,0
0.0062,0.0452,0.0,0.0,0.0,1.0,0
0.5641,0.2055,0.9062,0.0,0.0,1.0,0
0.9447,0.998,0.9062,0.0,0.0,1.0,1
0.966,0.7813,0.0,0.0,0.0,1.0,1
0.975,0.9997,0.0,0.0,0.0,1.0,1
0.1863,0.641,0.0,0.0,0.0,1.0,0
0.9541,0.9629,0.9062,0.0,0.0,1.0,1
0.6432,0.5932,0.9062,0.0,0.0,1.0,1
0.4268,0.708,0.9062,0.0,0.0,1.0,0
0.211,0.1904,0.0,0.0,0.0,1.0,0
0.6432,0.9275,0.0,0.0,0.0,1.0,1
0.3287,0.3976,0.9062,0.0,0.0,1.0,0
0.35,0.0258,0.9062,0.0,0.0,1.0,0
0.764,0.2105,0.9062,0.0,0.0,1.0,0
0.9934,0.9978,0.0,0.0,0.0,1.0,1
0.2491,0.1614,0.9062,0.0,0.0,1.0,0
0.6217,0.8072,0.9062,0.0,0.0,1.0,1
0.7787,0.9669,0.0,0.0,0.0,1.0,1
0.6432,0.6093,0.9062,0.0,0.0,1.0,1
0.6432,0.0981,0.9062,0.0,0.0,1.0,0
0.9233,0.9791,0.0,0.0,0.0,1.0,1
0.6432,0.7166,0.9062,0.0,0.0,1.0,1
0.6432,0.7633,0.0,0.0,0.0,0.0,1
0.0594,0.4113,0.9062,0.0,0.0,0.2,0
0.478,0.1995,0.9062,0.0,0.0,0.65,0
0.85,0.031,0.9062,0.0,0.0,0.65,0
0.0207,0.3697,0.0,0.0,0.0,0.65,0
0.1177,0.8324,0.0,0.0,0.0,0.0,0
0.764,0.0859,0.9062,0.0,0.0,0.0,0
0.8913,0.9915,0.0,0.0,0.0,0.0,1
0.764,0.5888,0.0,0.0,0.0,0.0,1
0.358,0.1442,0.0,0.0,0.0,0.0,0
0.8539,0.1904,0.9062,0.0,0.0,0.0,1
0.5641,0.8233,0.9062,0.0,0.0,0.0,1
0.0002,0.1047,0.0,0.0,0.0,0.0,0
0.9993,0.177,0.0,0.0,0.0,0.0,1
0.9948,0.5044,0.0,0.0,0.0,0.0,1
0.9998,0.7841,0.0,0.0,0.0,0.0,1
0.9995,0.9479,0.0,0.0,0.0,0.0,1
0.009,0.1106,0.0,0.0,0.0,0.2,0
0.0674,0.3385,0.9062,0.0,0.0,0.2,0
0.129,0.263,0.9062,0.0,0.0,0.2,0
0.9934,0.7713,0.0,0.0,0.0,0.2,1
0.6432,0.5442,0.0,0.0,0.0,0.2,0
0.011,0.9992,0.9062,0.0,0.0,0.2,1
0.6432,0.4924,0.0,0.0,0.0,0.2,0
0.2594,0.9941,0.0,0.0,0.0,0.2,1
0.8665,0.5215,0.0,0.0,0.0,0.2,1
0.5205,0.2105,0.0,0.0,0.0,0.2,0
0.4428,0.7728,0.9062,0.0,0.0,0.2,1
0.6432,0.7034,0.9062,0.0,0.0,0.2,1
0.2314,0.9831,0.0,0.0,0.0,0.2,1
0.0289,0.4765,0.0,0.0,0.0,0.2,0
0.0021,0.2429,0.0,0.0,0.0,0.2,0
0.6432,0.9304,0.9062,0.0,0.0,0.2,1
0.4758,0.1321,0.9062,0.0,0.0,0.2,0
0.0961,0.3976,0.9062,0.0,0.0,0.2,0
0.3287,0.6804,0.9062,0.0,0.0,0.2,1
0.764,0.9124,0.9062,0.0,0.0,0.2,1
0.6424,0.3515,0.9062,0.0,0.0,0.2,0
0.9233,0.6834,0.0,0.0,0.0,0.2,1
0.6432,0.8681,0.9062,0.0,0.0,0.2,1
0.9229,0.4121,0.0,0.0,0.0,0.2,1
0.6424,0.1339,0.0,0.0,0.0,0.2,0
0.9233,0.9743,0.0,0.0,0.0,0.2,1
0.9954,0.9151,0.0,0.0,0.0,0.2,1
0.3,0.5187,0.9062,0.0,0.0,0.2,0
0.3287,0.4655,0.9062,0.0,0.0,0.2,0
0.9947,0.798,0.0,0.0,0.0,0.2,1
0.1976,0.4626,0.9062,0.0,0.0,0.2,0
0.2364,0.8628,0.0,1.0,0.0,0.2,1
0.0013,0.1047,0.0,0.0,0.0,0.2,0
0.35,0.1974,0.0,0.0,0.0,0.2,0
0.0559,0.1982,0.0,0.0,0.0,0.2,0
0.7028,0.1184,0.9062,0.0,0.0,0.2,0
0.9703,0.9698,0.0,0.0,0.0,0.2,1
0.9937,0.9591,0.0,0.0,0.0,0.2,1
0.55,0.129,0.0,0.0,0.0,0.2,0
0.6432,0.5157,0.9062,0.0,0.0,0.2,1
0.6432,0.205,0.9062,0.0,0.0,0.2,0
0.9993,0.3237,0.0,0.0,0.0,0.2,1
0.1955,0.4169,0.9062,0.0,0.0,0.2,0
0.0025,0.1289,0.0,0.0,0.0,0.2,0
0.4295,0.9034,0.9062,0.0,0.0,0.2,0
0.2693,0.0873,0.9062,0.0,0.0,0.2,0
0.0828,0.1045,0.9062,0.0,0.0,0.2,0
0.9141,0.9715,0.0,0.0,0.0,0.2,1
0.9655,0.9984,0.0,0.0,0.0,0.2,1
0.9925,0.9955,0.9062,0.0,0.0,0.2,1
0.9934,0.991,0.0,0.0,0.0,0.65,1
0.6424,0.9996,0.9062,0.0,0.0,0.65,1
0.9901,0.7697,0.0,0.0,0.0,0.65,1
0.9945,0.6807,0.9062,0.0,0.0,0.65,1
0.9826,0.9996,0.0,0.0,0.0,0.65,1
0.9994,0.8175,0.9062,0.0,0.0,0.65,1
0.996,0.9853,0.0,0.0,0.0,0.65,1
0.8127,1.0,0.9062,0.0,0.0,0.65,1
0.9962,0.9952,0.0,0.0,0.0,0.65,1
0.9756,0.9121,0.0,0.0,0.0,0.65,1
0.9464,0.096,0.0,0.0,0.0,0.65,1
0.9966,0.4655,0.0,0.85,0.0,0.65,1
0.9967,0.9917,0.0,0.0,0.0,0.65,1
0.999,0.7208,0.0,0.85,0.0,0.65,1
0.9995,0.4765,0.0,0.0,0.0,0.65,1
0.9993,0.9212,0.0,0.0,0.0,0.65,1
0.9997,1.0,0.0,0.0,0.0,0.65,1
0.5641,0.988,0.0,0.0,0.0,0.65,1
0.6424,0.4662,0.9062,0.0,0.0,0.65,1
0.8734,0.5057,0.0,0.0,0.0,0.65,1
0.9665,0.9818,0.0,0.0,0.0,0.8,1
0.6424,0.9994,0.0,0.0,0.0,0.8,1
0.6175,0.4359,0.0,0.0,0.0,0.8,1
0.9997,0.996,0.0,0.0,0.0,0.8,1
0.9707,0.9914,0.9219,0.0,0.0,0.8,1
0.6759,0.9395,0.9062,0.0,0.0,0.8,1
0.8879,0.923,0.0,0.0,0.0,0.8,1
0.6432,0.4917,0.9062,0.0,0.0,0.8,1
0.9939,0.9671,0.0,0.85,0.0,0.8,1
0.011,0.9956,0.9062,0.0,0.0,0.8,1
0.9977,0.9669,0.0,0.0,0.0,0.8,1
0.6432,0.3656,0.0,0.0,0.0,0.8,1
0.9996,0.2553,0.0,0.85,0.0,0.8,1
0.2509,0.9886,0.0,0.0,0.0,0.8,1
0.9995,0.9844,0.0,0.0,0.0,0.8,1
0.8047,0.6857,0.9062,0.0,0.0,0.8,1
0.9997,0.9851,0.0,0.0,0.0,0.8,1
0.6759,0.9442,0.9062,0.0,0.0,0.8,1
0.6424,0.5398,0.0,0.0,0.0,0.8,1
0.9387,0.8557,0.0,0.0,0.0,0.8,1
0.6345,0.1854,0.0,0.0,0.0,0.8,1
0.9628,0.0948,0.0,0.5,0.0,0.8,1
0.3492,0.9633,0.0,0.85,0.0,0.8,1
1.0,0.6549,0.0,0.0,0.0,0.8,1
0.8664,0.9406,0.0,0.0,0.0,0.8,1
0.6432,0.7732,0.9062,0.0,0.0,0.8,1
0.8539,0.6826,0.9062,0.0,0.0,0.8,1
0.9981,0.967,0.0,0.0,0.0,0.8,1
0.9969,0.3463,0.0,0.0,0.0,0.8,1
0.9996,0.9995,0.0,0.0,0.0,0.8,1
0.8332,0.4736,0.0,0.0,0.0,0.8,1
0.9993,0.3493,0.0,0.0,0.0,0.8,1
0.9913,0.7221,0.0,0.0,0.0,0.8,1
0.0222,0.4277,0.0,0.0,0.0,0.8,1
0.9995,0.9997,0.0,0.0,0.0,0.8,1
0.8802,0.7002,0.0,0.0,0.0,0.8,1
0.6432,0.4223,0.9062,0.0,0.0,0.8,1
0.9924,0.9947,0.0,0.0,0.0,0.8,1
0.9995,0.9793,0.0,0.0,0.0,0.8,1
0.8646,0.8445,0.0,0.85,0.0,0.8,1
0.6432,0.9152,0.9062,0.0,0.0,0.8,1
0.6424,0.7171,0.0,0.0,0.0,0.8,1
0.9027,0.5442,0.9062,0.0,0.0,0.8,1
0.6367,0.9412,0.0,0.0,0.0,0.8,1
0.9995,0.9857,0.0,0.0,0.0,0.8,1
0.9707,0.5958,0.0,0.0,0.0,0.8,1
0.9982,0.9995,0.0,0.0,0.0,0.8,1
0.6432,0.4075,0.9062,0.0,0.0,0.8,1
0.9934,0.9979,0.0,0.0,0.0,0.8,1
0.011,0.9988,0.9062,0.0,0.0,0.8,1
0.7319,0.9968,0.0,0.0,0.0,0.8,1
0.9844,0.8791,0.0,0.5,0.0,0.8,1
0.6605,0.9814,0.0,0.0,0.0,0.8,1
0.4961,0.0991,0.0,0.85,0.0,0.8,1
0.9944,0.9978,0.0,0.0,0.0,0.8,1
0.9998,0.9979,0.0,0.0,0.0,0.8,1
0.9978,0.8931,0.0,0.85,0.0,0.8,1
0.011,0.9992,0.9062,0.0,0.0,0.8,1
0.9738,0.9898,0.0,0.0,0.0,0.8,1
0.9303,0.9694,0.0,0.0,0.0,0.8,1
0.9954,0.9938,0.0,0.0,0.0,0.8,1
0.984,0.4359,0.0,0.0,0.0,0.8,1
0.9765,0.4309,0.0,0.0,0.0,0.8,1
0.8633,0.8937,0.9062,0.0,0.0,0.8,1
0.6424,0.5584,0.9062,0.0,0.0,0.8,1
0.6432,0.2039,0.9062,0.0,0.0,0.8,1
0.9966,0.4378,0.0,0.85,0.0,0.8,1
0.6432,0.5958,0.9062,0.0,0.0,0.8,1
0.9933,0.7938,0.0,0.0,0.0,0.8,1
0.9934,0.9984,0.0,0.0,0.0,0.8,1
0.6759,0.9615,0.9062,0.0,0.0,0.8,1
0.6432,0.999,0.0,0.0,0.0,0.8,1
0.2432,0.7768,0.0,0.0,0.0,0.8,1
0.9765,0.4765,0.0,0.0,0.0,0.8,1
0.4,0.9998,0.0,0.0,0.0,0.8,1
0.9332,0.9999,0.9062,0.0,0.0,0.8,1
0.2198,0.9987,0.0,0.0,0.0,0.8,1
0.9642,0.9841,0.0,0.0,0.0,0.8,1
0.6432,0.2329,0.0,0.0,0.0,0.8,1
0.6432,0.833,0.9062,0.0,0.0,0.8,1
0.3287,0.4405,0.9062,0.0,0.0,0.8,1
0.8307,0.1646,0.0,0.5,0.0,0.8,1
0.9986,0.0945,0.0,0.85,0.0,0.8,1
0.9744,0.6534,0.0,1.0,0.0,0.8,1
0.6432,0.7248,0.0,0.0,0.0,0.8,1
0.9993,0.9731,0.0,0.0,0.0,0.8,1
0.9999,0.1431,0.0,0.0,0.0,0.8,1
0.9707,0.8009,0.9062,0.0,0.0,0.8,1
0.9997,0.9763,0.0,0.0,0.0,0.8,1
0.8664,0.9866,0.9062,0.0,0.0,0.8,1
0.9824,0.9261,0.0,0.0,0.0,0.8,1
0.9933,0.7257,0.0,0.0,0.0,0.8,1
0.4349,0.6008,0.9062,0.0,0.0,0.8,1
0.6424,0.9951,0.0,0.0,0.0,0.0,1
0.6424,0.9951,0.0,0.0,0.0,0.0,1
0.6424,0.9951,0.0,0.0,0.0,0.0,1
0.6424,0.9951,0.0,0.0,0.0,0.0,1
0.6424,0.9951,0.0,0.0,0.0,0.0,1
1.0,0.9951,0.0,0.85,0.0,0.0,1
1.0,0.9951,0.0,0.85,0.0,0.0,1
1.0,0.9951,0.0,0.85,0.0,0.0,1
1.0,0.9951,0.0,0.85,0.0,0.0,1
